"species","percentage_in_NT_MPA"
"Asymbolus galacticus",50
"Etmopterus carteri",50
"Potamotrygon magdalenae",50
"Sinobatis filicauda",50
"Trigonognathus kabeyai",44.2748091603053
"Hemiscyllium galei",36.3636363636364
"Etmopterus villosus",34.2105263157895
"Etmopterus dianthus",33.3333333333333
"Etmopterus caudistigmus",30
"Apristurus spongiceps",28.7449392712551
"Bathyraja ishiharai",28.5714285714286
"Cephaloscyllium zebrum",27.2727272727273
"Dipturus apricus",25.2873563218391
"Raja ackleyi",25
"Dipturus polyommata",24.2857142857143
"Galeus priapus",23.0769230769231
"Squalus notocaudatus",22.0472440944882
"Fenestraja ishiyamai",21.8181818181818
"Brachaelurus colcloughi",21.6867469879518
"Mustelus walkeri",21.4953271028037
"Pavoraja mosaica",20.8333333333333
"Pavoraja pseudonitida",20.8333333333333
"Pristiophorus delicatus",20.6611570247934
"Bathyraja irrasa",19.4029850746269
"Gymnura marmorata",18.8679245283019
"Urobatis maculatus",17.6470588235294
"Orectolobus ornatus",17.4863387978142
"Asymbolus pallidus",17.4757281553398
"Figaro striatus",17.3469387755102
"Narcine nelsoni",17.3333333333333
"Urobatis concentricus",16.6666666666667
"Etmopterus dislineatus",16.4444444444444
"Dipturus queenslandicus",16.1290322580645
"Squalus grahami",15.8653846153846
"Insentiraja laxipella",15.7894736842105
"Bathyraja murrayi",15.2173913043478
"Atelomycterus marnkalha",14.873417721519
"Aptychotrema rostrata",14.2011834319527
"Urolophus flavomosaicus",13.9705882352941
"Neotrygon picta",13.3956386292835
"Etmopterus pseudosqualiolus",13.1578947368421
"Squalus bucephalus",12.962962962963
"Rhinoptera neglecta",12.807881773399
"Himantura toshi",12.280701754386
"Cephalurus cephalus",12.0689655172414
"Rhizoprionodon longurio",12
"Dasyatis lata",11.5044247787611
"Raja cortezensis",11.4285714285714
"Squatina albipunctata",11.2540192926045
"Bythaelurus incanus",11.1111111111111
"Galeus piperatus",11.1111111111111
"Heteronarce bentuviai",11.1111111111111
"Urolophus piperatus",11.1111111111111
"Apristurus albisoma",11
"Dipturus wengi",10.8474576271186
"Narcine entemedor",10.752688172043
"Notoraja sapphira",10.7142857142857
"Asymbolus submaculatus",10.6382978723404
"Squalus albifrons",10.6145251396648
"Cephaloscyllium variegatum",10.5555555555556
"Carcharhinus cautus",10.3351955307263
"Urolophus javanicus",10
"Rhinoptera steindachneri",9.43396226415094
"Fenestraja plutonia",9.2436974789916
"Apristurus australis",9.20502092050209
"Centrophorus harrissoni",9.09090909090909
"Dipturus stenorhynchus",9.09090909090909
"Etmopterus perryi",9.09090909090909
"Asymbolus occiduus",8.98203592814371
"Galeus antillensis",8.7719298245614
"Urolophus expansus",8.54700854700855
"Dipturus melanospilus",8.51063829787234
"Mustelus albipinnis",8.51063829787234
"Carcharhinus tilstoni",7.94701986754967
"Rhinobatos leucorhynchus",7.89473684210526
"Aetomylaeus caeruleofasciatus",7.84
"Irolita waitii",7.79220779220779
"Hemigaleus australiensis",7.78816199376947
"Carcharhinus fitzroyensis",7.76173285198556
"Potamotrygon yepezi",7.69230769230769
"Pseudoraja fischeri",7.69230769230769
"Squatina tergocellata",7.59493670886076
"Hemiscyllium trispeculare",7.5503355704698
"Etmopterus viator",7.48792270531401
"Orectolobus maculatus",7.47422680412371
"Rhizoprionodon taylori",7.47126436781609
"Myliobatis hamlyni",7.44186046511628
"Diplobatis ommata",7.29166666666667
"Sutorectus tentaculatus",7.26256983240224
"Carcharhinus cerdale",7.2463768115942
"Trygonoptera personata",7.14285714285714
"Carcharhinus coatesi",6.9672131147541
"Heterodontus mexicanus",6.94444444444444
"Aulohalaelurus labiosus",6.84931506849315
"Platyrhinoidis triseriata",6.80272108843537
"Galeus springeri",6.79611650485437
"Urotrygon venezuelae",6.66666666666667
"Squalus megalops",6.57276995305164
"Urolophus bucculentus",6.53846153846154
"Apristurus riveri",6.41399416909621
"Dasyatis fluviorum",6.41025641025641
"Dasyatis dipterura",6.4
"Carcharhinus galapagensis",6.3030303030303
"Gymnura crebripunctata",6.25
"Schroederichthys maculatus",6.25
"Apristurus platyrhynchus",6.23229461756374
"Himantura astra",6.19883040935673
"Urotrygon rogersi",6.12244897959184
"Rhinobatos percellens",6.11353711790393
"Galeus arae",6.10687022900763
"Gymnura australis",6.10687022900763
"Pavoraja arenaria",6.09137055837564
"Chlamydoselachus anguineus",6.06060606060606
"Dipturus healdi",6.02409638554217
"Rhinobatos glaucostigma",6.02409638554217
"Sphyrna corona",5.94059405940594
"Rhinobatos lentiginosus",5.9375
"Cruriraja rugosa",5.93406593406593
"Myliobatis longirostris",5.88235294117647
"Rhinobatos productus",5.88235294117647
"Rhynchobatus cooki",5.88235294117647
"Zapteryx exasperata",5.84795321637427
"Hypogaleus hyugaensis",5.68807339449541
"Nasolamia velox",5.67375886524823
"Squalus montalbani",5.59440559440559
"Parmaturus albipenis",5.55555555555556
"Urotrygon chilensis",5.55555555555556
"Heterodontus francisci",5.52486187845304
"Hexatrygon bickelli",5.47031354236157
"Dasyatis colarensis",5.45454545454545
"Mustelus californicus",5.43478260869565
"Fenestraja sinusmexicanus",5.42168674698795
"Rhinobatos austini",5.40540540540541
"Dasyatis guttata",5.36231884057971
"Torpedo andersoni",5.32786885245902
"Leucoraja lentiginosa",5.3030303030303
"Apristurus brunneus",5.29595015576324
"Diplobatis colombiensis",5.26315789473684
"Dipturus campbelli",5.26315789473684
"Trygonorrhina dumerilii",5.26315789473684
"Dipturus gudgeri",5.23560209424084
"Eucrossorhinus dasypogon",5.21172638436482
"Rhynchobatus palpebratus",5.18962075848303
"Parascyllium variolatum",5.18518518518519
"Centrophorus granulosus",5.18387239698715
"Hemiscyllium ocellatum",5.11915269196823
"Scyliorhinus hesperius",5.08474576271187
"Bathyraja cousseauae",5
"Notoraja azurea",5
"Parascyllium sparsimaculatum",5
"Parmaturus albimarginatus",5
"Himantura schmardae",4.96957403651116
"Parascyllium ferrugineum",4.9645390070922
"Urobatis jamaicensis",4.96124031007752
"Furgaleus macki",4.9079754601227
"Bathyraja eatonii",4.90196078431373
"Paragaleus leucolomatus",4.8780487804878
"Aptychotrema vincentiana",4.85436893203883
"Myliobatis californica",4.80769230769231
"Urolophus circularis",4.76190476190476
"Mustelus norrisi",4.74934036939314
"Squalus clarkae",4.74358974358974
"Bathyraja spinosissima",4.73372781065089
"Spiniraja whitleyi",4.73186119873817
"Raja inornata",4.66321243523316
"Triakis semifasciata",4.65116279069767
"Squatina australis",4.61095100864553
"Asymbolus vincenti",4.54545454545455
"Bythaelurus lutarius",4.54545454545455
"Raja texana",4.54545454545455
"Trygonoptera galba",4.54545454545455
"Plesiobatis daviesi",4.52961672473868
"Rhinoptera brasiliensis",4.49826989619377
"Figaro boardmani",4.41458733205374
"Galeus schultzi",4.41176470588235
"Dasyatis americana",4.40476190476191
"Orectolobus hutchinsi",4.3956043956044
"Himantura lobistoma",4.3859649122807
"Dipturus cerva",4.36363636363636
"Mustelus antarcticus",4.35967302452316
"Pristiophorus cirratus",4.35967302452316
"Galeus atlanticus",4.34782608695652
"Parascyllium elongatum",4.34782608695652
"Pastinachus solocirostris",4.34782608695652
"Holohalaelurus punctatus",4.25531914893617
"Pastinachus atrus",4.22885572139304
"Dipturus teevani",4.19426048565121
"Etmopterus evansi",4.19161676646707
"Carcharhinus altimus",4.19132149901381
"Bathyraja scaphiops",4.14201183431953
"Scyliorhinus boa",4.12371134020619
"Somniosus antarcticus",4.11700975081257
"Carcharhinus porosus",4.1025641025641
"Trygonoptera mucosa",4.08163265306122
"Etmopterus virens",4.05405405405405
"Heterodontus portusjacksoni",4.03508771929825
"Heteronarce garmani",3.92156862745098
"Asymbolus rubiginosus",3.87096774193548
"Centrophorus moluccensis",3.83973288814691
"Raja equatorialis",3.80952380952381
"Rajella fuliginea",3.79965457685665
"Sphyrna tiburo",3.79310344827586
"Etmopterus hillianus",3.76569037656904
"Hexanchus nakamurai",3.76404494382022
"Orectolobus halei",3.75335120643432
"Etmopterus bigelowi",3.69364475828354
"Squalus cubensis",3.64004044489383
"Himantura fai",3.63810435615127
"Centroscyllium kamoharai",3.58126721763085
"Dipturus oculus",3.57142857142857
"Galeus gracilis",3.57142857142857
"Notoraja hirticauda",3.57142857142857
"Parmaturus xaniurus",3.52564102564103
"Carcharhinus melanopterus",3.52228948816731
"Carcharhinus amblyrhynchos",3.51295028282227
"Narcine bancroftii",3.49854227405248
"Hypnos monopterygius",3.44086021505376
"Carcharhinus albimarginatus",3.43728659230594
"Glaucostegus typus",3.42105263157895
"Rhinoptera bonasus",3.40063761955367
"Halaelurus lineatus",3.38983050847458
"Triaenodon obesus",3.3710407239819
"Apristurus kampae",3.33333333333333
"Squalus mahia",3.33333333333333
"Cephaloscyllium ventriosum",3.32326283987915
"Glaucostegus halavi",3.30188679245283
"Carcharhinus perezi",3.29538645895746
"Squatina californica",3.28947368421053
"Centrophorus isodon",3.27868852459016
"Rhynchobatus australiae",3.24558240173098
"Pristis pectinata",3.24283559577677
"Maculabatis ambigua",3.2258064516129
"Gymnura micrura",3.20610687022901
"Pristis clavata",3.20404721753794
"Pristis zijsron",3.19923978460564
"Squatina dumeril",3.18559556786704
"Chiloscyllium hasseltii",3.17073170731707
"Urobatis halleri",3.1700288184438
"Schroederichthys tenuis",3.15789473684211
"Mustelus lunulatus",3.15186246418338
"Carcharhinus obscurus",3.1289707750953
"Etmopterus fusus",3.125
"Halaelurus natalensis",3.125
"Narcine westraliensis",3.125
"Orectolobus floridus",3.125
"Orectolobus parvimaculatus",3.125
"Raja maderensis",3.125
"Rajella challengeri",3.125
"Squalus chloroculus",3.11111111111111
"Raja velezi",3.09278350515464
"Carcharhinus brevipinna",3.06976744186047
"Dentiraja lemprieri",3.05343511450382
"Galeus nipponensis",3.03030303030303
"Cephaloscyllium albipinnum",3.01724137931034
"Pristis pristis",2.98799902032819
"Hemitriakis abdita",2.98507462686567
"Loxodon macrorhinus",2.9557938791525
"Carcharhinus acronotus",2.95064377682403
"Bathyraja multispinis",2.92479108635097
"Breviraja colesi",2.91970802919708
"Rhinobatos albomaculatus",2.89855072463768
"Etmopterus unicolor",2.89655172413793
"Taeniura lymma",2.88828337874659
"Cirrhigaleus asper",2.88461538461538
"Sphyrna media",2.87081339712919
"Cephaloscyllium laticeps",2.86624203821656
"Urolophus gigas",2.85714285714286
"Anoxypristis cuspidata",2.85158781594297
"Himantura imbricata",2.83400809716599
"Dipturus falloargus",2.82485875706215
"Aetobatus ocellatus",2.81253231310102
"Rhizoprionodon acutus",2.80898876404494
"Rhina ancylostoma",2.78667520819987
"Rhizoprionodon porosus",2.77957336780866
"Aetobatus flagellum",2.77777777777778
"Mustelus ravidus",2.76679841897233
"Anacanthobatis americana",2.74725274725275
"Tetronarce californica",2.73224043715847
"Galeocerdo cuvier",2.70707070707071
"Cephaloscyllium signourum",2.69461077844311
"Carcharhinus leucas",2.65109380793474
"Dipturus acrobelus",2.63157894736842
"Dasyatis parvonigra",2.63157894736842
"Myliobatis goodei",2.61780104712042
"Centroscyllium nigrum",2.61096605744125
"Dipturus confusus",2.5974025974026
"Etmopterus bullisi",2.5974025974026
"Orectolobus wardi",2.59259259259259
"Okamejei arafurensis",2.58064516129032
"Odontaspis ferox",2.56478760352658
"Myliobatis tenuicaudatus",2.55591054313099
"Chiloscyllium punctatum",2.54957507082153
"Dipturus canutus",2.52100840336134
"Rhynchobatus springeri",2.51716247139588
"Pristiophorus nudipinnis",2.51046025104602
"Narcine tasmaniensis",2.5089605734767
"Narcine vermiculatus",2.5
"Ginglymostoma cirratum",2.48847926267281
"Carcharhinus amblyrhynchoides",2.47422680412371
"Negaprion brevirostris",2.46671887235709
"Holohalaelurus grennian",2.4390243902439
"Neotrygon leylandi",2.4390243902439
"Eusphyra blochii",2.43026788180061
"Rhinoptera javanica",2.4031007751938
"Himantura undulata",2.4024024024024
"Raja rhina",2.38095238095238
"Etmopterus robinsi",2.38095238095238
"Maculabatis macrura",2.36486486486486
"Irolita westraliensis",2.35294117647059
"Mustelus henlei",2.3454157782516
"Insentiraja subtilispinosa",2.34375
"Anacanthobatis longirostris",2.34375
"Mustelus canis",2.33644859813084
"Aetomylaeus maculatus",2.33463035019455
"Aetomylaeus vespertilio",2.33444497379705
"Mobula munkiana",2.33285233285233
"Dasyatis brevicaudata",2.33100233100233
"Cruriraja parcomaculata",2.32558139534884
"Okamejei cairae",2.32558139534884
"Pavoraja alleni",2.32558139534884
"Dasyatis sabina",2.28310502283105
"Rhynchobatus djiddensis",2.27848101265823
"Himantura uarnak",2.25784601490178
"Hemitriakis falcata",2.24719101123596
"Carcharhinus amboinensis",2.23214285714286
"Hemipristis elongata",2.19261726339162
"Carcharhinus tjutjot",2.18772053634439
"Aetobatus narinari",2.17634971044274
"Carcharhinus limbatus",2.13164675568049
"Apristurus japonicus",2.12765957446809
"Himantura pastinacoides",2.12418300653595
"Mobula kuhlii",2.12213079255089
"Gymnura poecilura",2.11907164480323
"Iago garricki",2.11019929660023
"Pavoraja nitida",2.10526315789474
"Squalus altipinnis",2.0952380952381
"Centrophorus uyato",2.09366391184573
"Asymbolus parvus",2.08333333333333
"Pristiophorus nancyae",2.08333333333333
"Gurgesiella atlantica",2.06896551724138
"Carcharias taurus",2.03991130820399
"Himantura granulata",2.03535083020889
"Torpedo sinuspersici",2.03252032520325
"Urolophus viridis",2.02020202020202
"Rhizoprionodon oligolinx",1.98675496688742
"Etmopterus gracilispinis",1.97668525088697
"Dalatias licha",1.96863530196864
"Urogymnus asperrimus",1.96584590945195
"Centrophorus westraliensis",1.96078431372549
"Parmaturus melanobranchus",1.96078431372549
"Carcharhinus macloti",1.95705354715955
"Carcharhinus sealei",1.94264569842738
"Urolophus paucimaculatus",1.93236714975845
"Cephaloscyllium fasciatum",1.92307692307692
"Cirrhigaleus australis",1.92307692307692
"Etmopterus lucifer",1.92032100888507
"Apristurus garricki",1.9047619047619
"Eridacnis sinuans",1.88679245283019
"Fenestraja atripinna",1.88679245283019
"Raja cervigoni",1.88679245283019
"Sinobatis melanosoma",1.88679245283019
"Neotrygon annotata",1.87793427230047
"Acroteriobatus leucospilus",1.875
"Rhinobatos holcorhynchus",1.86915887850467
"Neoharriotta carri",1.85185185185185
"Okamejei hollandi",1.85185185185185
"Rhizoprionodon lalandii",1.84757505773672
"Manta alfredi",1.83433906751929
"Dasyatis zugei",1.82584269662921
"Carcharhinus plumbeus",1.8230376219229
"Dipturus mennii",1.81818181818182
"Nebrius ferrugineus",1.81495363977116
"Glaucostegus thouin",1.8005540166205
"Okamejei leptoura",1.79640718562874
"Diplobatis guamachensis",1.78571428571429
"Narcine ornata",1.78571428571429
"Etmopterus brachyurus",1.7632241813602
"Etmopterus pusillus",1.75685172171469
"Carcharhinus humani",1.75438596491228
"Dasyatis marmorata",1.73913043478261
"Carcharhinus sorrah",1.72509738452977
"Bathyraja albomaculata",1.71428571428571
"Apristurus sinensis",1.71102661596958
"Centroscymnus plunketi",1.71073094867807
"Hexanchus griseus",1.6952345074402
"Torpedo mackayana",1.68067226890756
"Breviraja nigriventralis",1.66666666666667
"Cephaloscyllium hiscosellum",1.66666666666667
"Eridacnis barbouri",1.66666666666667
"Torpedo bauchotae",1.66666666666667
"Negaprion acutidens",1.66447656592203
"Rhizoprionodon terraenovae",1.65680473372781
"Etmopterus schultzi",1.65289256198347
"Himantura leoparda",1.64262820512821
"Dasyatis geijskesi",1.63934426229508
"Narcine prodorsalis",1.63934426229508
"Taeniurops meyeni",1.61693936477382
"Alopias pelagicus",1.61290322580645
"Himantura uarnacoides",1.61090458488228
"Etmopterus sentosus",1.60427807486631
"Atelomycterus fasciatus",1.58730158730159
"Sphyrna tudes",1.58730158730159
"Squalus hemipinnis",1.58730158730159
"Sphyrna lewini",1.58166286052609
"Dasyatis say",1.57142857142857
"Halaelurus sellus",1.57068062827225
"Himantura bleekeri",1.5625
"Torpedo panthera",1.5625
"Apristurus melanoasper",1.55945419103314
"Stegostoma fasciatum",1.53916488875343
"Isogomphodon oxyrhynchus",1.53846153846154
"Carcharhinus borneensis",1.53482880755608
"Chiloscyllium indicum",1.51706700379267
"Dasyatis longa",1.51515151515152
"Heterodontus zebra",1.50905432595573
"Dipturus tengu",1.5015015015015
"Himantura jenkinsii",1.48331273176761
"Hemigaleus microstoma",1.46968769136558
"Euprotomicrus bispinatus",1.46517007968469
"Apristurus longicephalus",1.45322434150772
"Rhinobatos irvinei",1.44927536231884
"Urolophus cruciatus",1.44927536231884
"Heptranchias perlo",1.44337527757217
"Hemitriakis leucoperiptera",1.43884892086331
"Somniosus microcephalus",1.43177290836653
"Scoliodon macrorhynchos",1.42021720969089
"Notorynchus cepedianus",1.41643059490085
"Sphyrna mokarran",1.41318977119785
"Rhinobatos punctifer",1.40845070422535
"Centroscymnus owstonii",1.40268848626534
"Squaliolus aliae",1.39720558882236
"Apristurus ampliceps",1.37741046831956
"Mustelus mosis",1.3745704467354
"Oxynotus bruniensis",1.36798905608755
"Himantura walga",1.364522417154
"Cephaloscyllium sufflans",1.36054421768707
"Isurus paucus",1.35996002872935
"Centrophorus tessellatus",1.35593220338983
"Parmaturus pilosus",1.34529147982063
"Squatina varii",1.34228187919463
"Rhynchobatus luebberti",1.33333333333333
"Bathyraja spinicauda",1.31926121372032
"Himantura gerrardi",1.31926121372032
"Urotrygon microphthalmum",1.31578947368421
"Rhincodon typus",1.31061822904207
"Megachasma pelagios",1.30843806104129
"Squalus nasutus",1.30434782608696
"Carcharhinus falciformis",1.30096779311439
"Manta birostris",1.28715386569566
"Cephaloscyllium speccum",1.28205128205128
"Glaucostegus obtusus",1.28205128205128
"Alopias superciliosus",1.27569303098931
"Aetomylaeus nichofii",1.26192674669129
"Dipturus gigas",1.26050420168067
"Galeus sauteri",1.25786163522013
"Echinorhinus cookei",1.25628140703518
"Squalus edmundsi",1.25
"Carcharhinus longimanus",1.24166475051736
"Isistius brasiliensis",1.23131046613896
"Carcharodon carcharias",1.22947132732925
"Leucoraja pristispina",1.21951219512195
"Squatina david",1.21951219512195
"Mobula thurstoni",1.21721568734478
"Isurus oxyrinchus",1.21688878705719
"Somniosus longus",1.20967741935484
"Diplobatis pictus",1.20481927710843
"Narcine lasti",1.18577075098814
"Narcine lingula",1.18343195266272
"Himantura randalli",1.17647058823529
"Raja binoculata",1.16788321167883
"Chiloscyllium plagiosum",1.16561437591064
"Pseudocarcharias kamoharai",1.16205730012806
"Squatina pseudocellata",1.15606936416185
"Mobula mobular",1.15441764773117
"Mobula tarapacana",1.15279483421146
"Narcine maculata",1.15207373271889
"Dactylobatus armatus",1.14942528735632
"Squaliolus laticaudus",1.14503816793893
"Prionace glauca",1.13020888254072
"Apristurus pinguis",1.12866817155756
"Bathyraja griseocauda",1.12676056338028
"Sinobatis bulbicauda",1.11111111111111
"Alopias vulpinus",1.10619699255945
"Carcharhinus brachyurus",1.10565110565111
"Torpedo fuscomaculata",1.10294117647059
"Mobula hypostoma",1.0862818125388
"Dipturus bullisi",1.0752688172043
"Lamna ditropis",1.07238605898123
"Mustelus higmani",1.06382978723404
"Galeorhinus galeus",1.06157112526539
"Centroscyllium ritteri",1.04166666666667
"Paragaleus randalli",1.04166666666667
"Dasyatis microps",1.02827763496144
"Odontaspis noronhai",1.02533172496984
"Rhinochimaera pacifica",1.01752402487281
"Amblyraja hyperborea",1.01139967429502
"Rajella lintea",1.00210970464135
"Rhinobatos schlegelii",0.993377483443709
"Lamna nasus",0.992747053490481
"Sphyrna zygaena",0.991801110817244
"Atelomycterus macleayi",0.99009900990099
"Heterodontus ramalheira",0.985221674876847
"Galeus longirostris",0.980392156862745
"Hypanus berthalutzae",0.980392156862745
"Pseudoginglymostoma brevicaudatum",0.980392156862745
"Pseudotriakis microdon",0.969237252423093
"Cruriraja poeyi",0.952380952380952
"Rhinobatos sainsburyi",0.947867298578199
"Deania profundorum",0.942126514131898
"Apristurus herklotsi",0.925925925925926
"Lamiopsis temminckii",0.925925925925926
"Pastinachus sephen",0.924702774108322
"Bythaelurus dawsoni",0.90293453724605
"Dasyatis marianae",0.884955752212389
"Atelomycterus marmoratus",0.877645844088797
"Taeniura grabata",0.871839581517001
"Myliobatis freminvillei",0.87173100871731
"Zearaja nasuta",0.862068965517241
"Bathyraja shuntovi",0.852878464818763
"Pteroplatytrygon violacea",0.851788756388416
"Chaenogaleus macrostoma",0.850734725444702
"Squalus griffini",0.845070422535211
"Bathyraja meridionalis",0.842105263157895
"Oxynotus caribbaeus",0.840336134453782
"Brochiraja spinifera",0.829875518672199
"Carcharhinus hemiodon",0.826067003212483
"Leucoraja leucosticta",0.823045267489712
"Scyliorhinus torrei",0.819672131147541
"Iago omanensis",0.809716599190283
"Okamejei acutispina",0.809716599190283
"Eridacnis radcliffei",0.806451612903226
"Dasyatis margarita",0.806451612903226
"Mustelus stevensi",0.806451612903226
"Etmopterus molleri",0.804953560371517
"Dipturus springeri",0.796812749003984
"Chiloscyllium griseum",0.789473684210526
"Cetorhinus maximus",0.783638921508214
"Centroscymnus coelolepis",0.782172373081464
"Narke capensis",0.78125
"Etmopterus polli",0.769230769230769
"Deania quadrispinosa",0.767263427109974
"Carcharhinus isodon",0.75642965204236
"Torpedo marmorata",0.755667506297229
"Dipturus trachyderma",0.753012048192771
"Scyliorhinus meadi",0.75187969924812
"Dactylobatus clarkii",0.740740740740741
"Glyphis garricki",0.740740740740741
"Brochiraja asperula",0.738007380073801
"Dasyatis margaritella",0.738007380073801
"Narcine timlei",0.737463126843658
"Brochiraja leviveneta",0.72992700729927
"Amblyraja doellojuradoi",0.725952813067151
"Tetronarce tokionis",0.72463768115942
"Squalus suckleyi",0.720242608036391
"Sinobatis borneensis",0.709219858156028
"Zameus squamulosus",0.700280112044818
"Isistius plutodus",0.687285223367698
"Raja miraletus",0.674536256323777
"Scoliodon laticaudus",0.661084178052005
"Hemitriakis japanica",0.647249190938511
"Dasyatis hypostigma",0.636942675159236
"Scyliorhinus haeckelii",0.626959247648903
"Apristurus laurussonii",0.622222222222222
"Rajella barnardi",0.618556701030928
"Etmopterus compagnoi",0.617283950617284
"Narcine brevilabiata",0.593471810089021
"Apristurus macrorhynchus",0.591715976331361
"Dipturus garricki",0.591715976331361
"Centroscymnus crepidater",0.588235294117647
"Somniosus rostratus",0.584795321637427
"Mitsukurina owstoni",0.573613766730402
"Squalus acanthias",0.573613766730402
"Dasyatis pastinaca",0.566801619433198
"Amblyraja radiata",0.565610859728507
"Torpedo torpedo",0.560538116591928
"Carcharhinus obsoletus",0.558659217877095
"Etmopterus sculptus",0.543478260869565
"Bathyraja smirnovi",0.539956803455723
"Bathyraja magellanica",0.53475935828877
"Aetomylaeus bovinus",0.528401585204756
"Dipturus batis",0.518134715025907
"Paragaleus pectoralis",0.515463917525773
"Scyliorhinus cervigoni",0.51150895140665
"Apristurus parvipinnis",0.50761421319797
"Zanobatus schoenleinii",0.506329113924051
"Raja straeleni",0.50251256281407
"Scymnodon ringens",0.492610837438424
"Gymnura japonica",0.486223662884927
"Rhinobatos rhinobatos",0.486223662884927
"Deania calcea",0.485865724381625
"Carcharhinus signatus",0.484652665589661
"Tetronarce occidentalis",0.480769230769231
"Deania hystricosa",0.478468899521531
"Carcharhinus leiodon",0.476190476190476
"Scyliorhinus stellaris",0.475285171102662
"Squatina nebulosa",0.46875
"Centroscyllium fabricii",0.467059980334317
"Scyliorhinus canicula",0.465116279069767
"Rhinoptera marginata",0.461538461538462
"Pristiophorus japonicus",0.45662100456621
"Apristurus macrostomus",0.454545454545455
"Dasyatis akajei",0.45045045045045
"Squatina africana",0.449775112443778
"Raja montagui",0.448430493273543
"Squatina japonica",0.447761194029851
"Raja clavata",0.43956043956044
"Tetronarce nobiliana",0.438072481083234
"Echinorhinus brucus",0.437898089171975
"Chiloscyllium arabicum",0.434782608695652
"Squatina squatina",0.434074877916441
"Bathyraja interrupta",0.431654676258993
"Squalus crassispinus",0.420168067226891
"Leucoraja fullonica",0.418994413407821
"Rostroraja alba",0.411240575736806
"Bathyraja macloviana",0.410677618069815
"Myliobatis tobijei",0.404858299595142
"Galeus polli",0.403225806451613
"Leptocharias smithii",0.400641025641026
"Aetomylaeus milvus",0.393700787401575
"Myliobatis aquila",0.390407138873397
"Centrophorus squamosus",0.389256520046711
"Raja brachyura",0.387596899224806
"Apristurus exsanguis",0.387096774193548
"Mustelus asterias",0.379746835443038
"Dasyatis centroura",0.378787878787879
"Bathyraja maccaini",0.3690036900369
"Rajella fyllae",0.364381689820087
"Etmopterus spinax",0.356252226576416
"Galeus melastomus",0.345849802371542
"Somniosus pacificus",0.343733474352195
"Bathyraja brachyurops",0.334448160535117
"Gymnura altavela",0.330578512396694
"Rioraja agassizii",0.327868852459016
"Carcharhinus dussumieri",0.325732899022801
"Rhinochimaera africana",0.321543408360129
"Scyliorhinus retifer",0.321543408360129
"Neoharriotta pinnata",0.317460317460317
"Leucoraja circularis",0.316205533596838
"Bathyraja hesperafricana",0.304878048780488
"Mustelus punctulatus",0.29940119760479
"Raja radula",0.298953662182362
"Oxynotus centrina",0.279589934762349
"Raja asterias",0.277008310249307
"Rajella dissimilis",0.269541778975741
"Rhynchobatus laevis",0.265957446808511
"Leucoraja naevus",0.265721877767936
"Cephaloscyllium umbratile",0.258397932816538
"Dipturus doutrei",0.25706940874036
"Glaucostegus granulatus",0.255754475703325
"Rajella leoparda",0.254452926208651
"Tetronarce puelcha",0.25062656641604
"Bathyraja lindbergi",0.235109717868339
"Bathyraja violacea",0.232828870779977
"Bathyraja minispinosa",0.231615518239722
"Mustelus mustelus",0.226757369614512
"Raja polystigma",0.219298245614035
"Halaelurus buergeri",0.217864923747277
"Squatina oculata",0.217155266015201
"Mustelus manazo",0.215285252960172
"Bathyraja maculata",0.214477211796247
"Etmopterus princeps",0.20703933747412
"Glaucostegus cemiculus",0.201612903225806
"Raja undulata",0.1998001998002
"Narke japonica",0.198412698412698
"Galeus murinus",0.196270853778214
"Bathyraja abyssicola",0.195694716242661
"Okamejei boesemani",0.181488203266788
"Bathyraja parmifera",0.178173719376392
"Rajella bigelowi",0.176678445229682
"Discopyge tschudii",0.170940170940171
"Dipturus oxyrinchus",0.167224080267559
"Okamejei kenojei",0.166666666666667
"Schroederichthys bivius",0.162074554294976
"Squatina aculeata",0.147492625368732
"Triakis scyllium",0.143884892086331
"Bathyraja trachura",0.137299771167048
"Heterodontus japonicus",0.131926121372032
"Dipturus nidarosiensis",0.117924528301887
"Bathyraja aleutica",0.114285714285714
"Narke dipterygia",0.0868055555555556
"Malacoraja spinacidermis",0.0755857898715042
"Rhinochimaera atlantica",0.074794315632012
"Bathyraja richardsoni",0.0673400673400673
"Acroteriobatus annulatus",0
"Acroteriobatus blochii",0
"Acroteriobatus ocellatus",0
"Acroteriobatus omanensis",0
"Acroteriobatus salalah",0
"Acroteriobatus variegatus",0
"Acroteriobatus zanzibarens",0
"Aculeola nigra",0
"Aetomylaeus asperrimus",0
"Anacanthobatis marmorata",0
"Apristurus aphyodes",0
"Apristurus breviventralis",0
"Apristurus bucephalus",0
"Apristurus canutus",0
"Apristurus fedorovi",0
"Apristurus gibbosus",0
"Apristurus indicus",0
"Apristurus investigatoris",0
"Apristurus manis",0
"Apristurus microps",0
"Apristurus nakayai",0
"Apristurus nasutus",0
"Apristurus profundorum",0
"Apristurus saldanha",0
"Apristurus stenseni",0
"Apristurus yangi",0
"Aptychotrema timorensis",0
"Arhynchobatis asperrimus",0
"Asymbolus analis",0
"Asymbolus funebris",0
"Atelomycterus baliensis",0
"Atlantoraja castelnaui",0
"Atlantoraja cyclophora",0
"Atlantoraja platana",0
"Aulohalaelurus kanakorum",0
"Bathyraja andriashevi",0
"Bathyraja bergi",0
"Bathyraja diplotaenia",0
"Bathyraja fedorovi",0
"Bathyraja isotrachys",0
"Bathyraja leucomelanos",0
"Bathyraja mariposa",0
"Bathyraja matsubarai",0
"Bathyraja pacifica",0
"Bathyraja pallida",0
"Bathyraja panthera",0
"Bathyraja papilionifera",0
"Bathyraja peruana",0
"Bathyraja schroederi",0
"Bathyraja smithii",0
"Bathyraja taranetzi",0
"Bathyraja trachouros",0
"Bathyraja tunae",0
"Bathyraja tzinovskii",0
"Benthobatis kreffti",0
"Benthobatis marcida",0
"Benthobatis moresbyi",0
"Benthobatis yangi",0
"Raja pulchra",0
"Brachaelurus waddi",0
"Breviraja claramaculata",0
"Breviraja mouldi",0
"Breviraja spinosa",0
"Brochiraja aenigma",0
"Brochiraja albilabiata",0
"Brochiraja heuresa",0
"Brochiraja microspinifera",0
"Brochiraja vittacauda",0
"Bythaelurus alcockii",0
"Bythaelurus bachi",0
"Bythaelurus canescens",0
"Bythaelurus giddingsi",0
"Bythaelurus hispidus",0
"Bythaelurus immaculatus",0
"Bythaelurus naylori",0
"Bythaelurus tenuicephalus",0
"Centrophorus atromarginatus",0
"Centrophorus longipinnis",0
"Centrophorus seychellorum",0
"Centroscyllium excelsum",0
"Centroscyllium granulatum",0
"Centroscyllium ornatum",0
"Cephaloscyllium cooki",0
"Cephaloscyllium isabellum",0
"Cephaloscyllium pictum",0
"Cephaloscyllium sarawakensis",0
"Cephaloscyllium silasi",0
"Cephaloscyllium stevensi",0
"Chiloscyllium burmensis",0
"Chlamydoselachus africana",0
"Cirrhigaleus barbifer",0
"Cirrhoscyllium expolitum",0
"Cirrhoscyllium formosanum",0
"Cirrhoscyllium japonicum",0
"Cruriraja andamanica",0
"Cruriraja atlantis",0
"Cruriraja cadenati",0
"Cruriraja durbanensis",0
"Cruriraja hulleyi",0
"Ctenacis fehlmanni",0
"Dasyatis chrysonota",0
"Dipturus flindersi",0
"Zearaja argentinensis",0
"Dipturus australis",0
"Zearaja chilensis",0
"Raja chinensis",0
"Dipturus crosnieri",0
"Dipturus endeavouri",0
"Dipturus grahami",0
"Dipturus innominatus",0
"Dipturus johannisdavisi",0
"Dipturus laevis",0
"Dipturus lamillai",0
"Dipturus lanceorostratus",0
"Dipturus leptocaudus",0
"Dipturus macrocauda",0
"Dipturus olseni",0
"Dipturus oregoni",0
"Dipturus pullopunctatus",0
"Discopyge castelloi",0
"Electrolux addisoni",0
"Etmopterus alphus",0
"Etmopterus benchleyi",0
"Etmopterus burgessi",0
"Etmopterus decacuspidatus",0
"Etmopterus lailae",0
"Etmopterus litvinovi",0
"Etmopterus pycnolepis",0
"Etmopterus samadiae",0
"Miroscyllium sheikoi",0
"Etmopterus splendidus",0
"Euprotomicroides zantedeschia",0
"Fenestraja cubensis",0
"Fenestraja maceachrani",0
"Fenestraja mamillidens",0
"Himantura kittipongi",0
"Himantura oxyrhyncha",0
"Himantura signifer",0
"Galeus corriganae",0
"Galeus eastmani",0
"Galeus mincaronei",0
"Glyphis gangeticus",0
"Glyphis glyphis",0
"Gollum attenuatus",0
"Gurgesiella dorsalifera",0
"Gurgesiella furvescens",0
"Gymnura natalensis",0
"Gymnura tentaculata",0
"Gymnura zonura",0
"Halaelurus boesemani",0
"Halaelurus maculosus",0
"Halaelurus quagga",0
"Haploblepharus edwardsii",0
"Haploblepharus fuscus",0
"Haploblepharus kistnasamyi",0
"Haploblepharus pictus",0
"Hemiscyllium freycineti",0
"Hemiscyllium hallstromi",0
"Hemiscyllium halmahera",0
"Hemiscyllium michaeli",0
"Hemiscyllium strahani",0
"Hemitriakis complicofasciata",0
"Dasyatis bennettii",0
"Dasyatis izuensis",0
"Dasyatis laevigata",0
"Dasyatis laosensis",0
"Dasyatis navarrae",0
"Dasyatis sinensis",0
"Heterodontus galeatus",0
"Heterodontus omanensis",0
"Heterodontus quoyi",0
"Heteronarce mollis",0
"Heteronarce prabhui",0
"Heteroscymnoides marleyi",0
"Holohalaelurus favus",0
"Holohalaelurus melanostigma",0
"Holohalaelurus regani",0
"Hongeo koreana",0
"Dasyatis rudis",0
"Indobatis ori",0
"Leucoraja compagnoi",0
"Leucoraja erinacea",0
"Leucoraja garmani",0
"Leucoraja melitensis",0
"Leucoraja ocellata",0
"Leucoraja wallacei",0
"Leucoraja yucatanensis",0
"Maculabatis arabica",0
"Malacoraja kreffti",0
"Malacoraja obscura",0
"Malacoraja senta",0
"Mollisquama mississippiensis",0
"Mollisquama parini",0
"Mustelus dorsalis",0
"Mustelus fasciatus",0
"Mustelus griseus",0
"Mustelus lenticulatus",0
"Mustelus mento",0
"Mustelus minicanis",0
"Mustelus palumbes",0
"Mustelus schmitti",0
"Mustelus sinusmexicanus",0
"Mustelus whitneyi",0
"Mustelus widodoi",0
"Myliobatis chilensis",0
"Myliobatis peruvianus",0
"Myliobatis ridens",0
"Narcine atzi",0
"Narcine brasiliensis",0
"Narcine insolita",0
"Narcine leoparda",0
"Narcine oculifera",0
"Narcine rierai",0
"Neoharriotta pumila",0
"Neoraja africana",0
"Neoraja caerulea",0
"Neoraja carolinensis",0
"Neoraja iberica",0
"Neoraja stehmanni",0
"Neotrygon kuhlii",0
"Neotrygon ningalooensis",0
"Notoraja alisae",0
"Notoraja fijiensis",0
"Notoraja inusitata",0
"Notoraja lira",0
"Notoraja longiventralis",0
"Notoraja martinezi",0
"Notoraja ochroderma",0
"Notoraja sereti",0
"Notoraja sticta",0
"Notoraja tobitukai",0
"Okamejei heemstrai",0
"Okamejei meerdervoortii",0
"Okamejei ornata",0
"Okamejei schmidti",0
"Okamejei jensenae",0
"Okamejei philipi",0
"Okamejei powelli",0
"Orectolobus japonicus",0
"Orectolobus reticulatus",0
"Oxynotus japonicus",0
"Oxynotus paradoxus",0
"Paragaleus tengi",0
"Parascyllium collare",0
"Paratrygon aiereba",0
"Parmaturus angelae",0
"Parmaturus bigus",0
"Parmaturus lanatus",0
"Parmaturus macmillani",0
"Parmaturus nigripalatum",0
"Himantura hortlei",0
"Pavoraja umbrosa",0
"Pentanchus profundicolus",0
"Planonasus indicus",0
"Planonasus parini",0
"Platyrhina sinensis",0
"Pliotrema annae",0
"Pliotrema warreni",0
"Poroderma africanum",0
"Poroderma pantherinum",0
"Potamotrygon brachyura",0
"Potamotrygon constellata",0
"Potamotrygon marinae",0
"Potamotrygon motoro",0
"Potamotrygon ocellata",0
"Potamotrygon orbignyi",0
"Potamotrygon scobina",0
"Potamotrygon signata",0
"Pristiophorus lanae",0
"Pristiophorus schroederi",0
"Proscyllium habereri",0
"Scymnodon macracanthus",0
"Psammobatis bergi",0
"Psammobatis extenta",0
"Psammobatis lentiginosa",0
"Psammobatis normani",0
"Psammobatis parvacauda",0
"Psammobatis rudis",0
"Psammobatis rutrum",0
"Psammobatis scobina",0
"Rhinobatos horkelii",0
"Rhinobatos planiceps",0
"Rhinobatos prahli",0
"Raja herwigi",0
"Raja microocellata",0
"Okamejei pita",0
"Raja stellulata",0
"Rajella annandalei",0
"Rajella bathyphila",0
"Rajella caudaspinosa",0
"Rajella eisenhardti",0
"Rajella kukujevi",0
"Rajella nigerrima",0
"Rajella paucispinosa",0
"Rajella purpuriventralis",0
"Rajella ravidula",0
"Rajella sadowskii",0
"Rhinobatos annandalei",0
"Rhinobatos hynnicephalus",0
"Rhinobatos jimbaranensis",0
"Rhinobatos lionotus",0
"Rhinobatos nudidorsalis",0
"Rhinobatos penggali",0
"Rhinoraja kujiensis",0
"Rhinoraja longicauda",0
"Rhinoraja odai",0
"Rhynchobatus immaculatus",0
"Raja bahamensis",0
"Raja eglanteria",0
"Schroederichthys chilensis",0
"Schroederichthys saurisqualus",0
"Scyliorhinus cabofriensis",0
"Scyliorhinus capensis",0
"Scyliorhinus comoroensis",0
"Scyliorhinus torazame",0
"Scyliorhinus ugoi",0
"Scylliogaleus quecketti",0
"Scymnodalatias albicauda",0
"Scymnodalatias garricki",0
"Scymnodalatias oligodon",0
"Scymnodalatias sherwoodi",0
"Zameus ichiharai",0
"Sinobatis andamanensis",0
"Sinobatis brevicauda",0
"Sinobatis caerulea",0
"Anacanthobatis folirostris",0
"Squalus albicaudus",0
"Squalus bahiensis",0
"Squalus bassi",0
"Squalus blainville",0
"Squalus brevirostris",0
"Squalus formosus",0
"Squalus hawaiiensis",0
"Squalus japonicus",0
"Squalus lalannei",0
"Squalus lobularis",0
"Squalus margaretsmithae",0
"Squalus melanurus",0
"Squalus mitsukurii",0
"Squalus quasimodo",0
"Squalus rancureli",0
"Squalus raoulensis",0
"Squatina argentina",0
"Squatina armata",0
"Squatina formosa",0
"Squatina guggenheim",0
"Squatina occulta",0
"Squatina tergocellatoides",0
"Himantura pacifica",0
"Sympterygia acuta",0
"Sympterygia bonapartii",0
"Sympterygia brevicaudata",0
"Sympterygia lima",0
"Taeniura lessoni",0
"Dasyatis acutirostra",0
"Temera hardwickii",0
"Tetronarce cowleyi",0
"Tetronarce formosa",0
"Tetronarce tremens",0
"Torpedo adenensis",0
"Torpedo suessii",0
"Triakis acutipinna",0
"Triakis maculata",0
"Triakis megalopterus",0
"Trygonoptera imitata",0
"Trygonoptera ovalis",0
"Trygonoptera testacea",0
"Trygonorrhina fasciata",0
"Typhlonarke aysoni",0
"Urobatis pardalis",0
"Urobatis tumbesensis",0
"Himantura dalyensis",0
"Himantura polylepis",0
"Urolophus armatus",0
"Urolophus aurantiacus",0
"Urolophus deforgesi",0
"Urolophus kapalensis",0
"Urolophus lobatus",0
"Urolophus mitosis",0
"Urolophus neocaledoniensis",0
"Urolophus orarius",0
"Urolophus papilio",0
"Urolophus sufflavus",0
"Urolophus westraliensis",0
"Urotrygon aspidura",0
"Urotrygon cimar",0
"Urotrygon munda",0
"Urotrygon nana",0
"Urotrygon reticulata",0
"Urotrygon simulatrix",0
"Zapteryx brevirostris",0
