"Dimension","Correction","n","Slope","SE","p"
"IUCN","S&V, n = 1000",1000,0.117675638700832,0.0298795652927693,8.20501207491494e-05
"IUCN","S&V, n = 100",1000,0.114166679746152,0.0287335680058031,7.08878860969314e-05
"IUCN","S&V, n = 10000",1000,0.11986339653389,0.030530269860428,8.63518539508041e-05
"IUCN","Clamp 0.001",1000,0.117049509385044,0.0296334771897673,7.81812293973875e-05
"IUCN","Clamp 0.01",1000,0.113325642105264,0.0283506857258342,6.40743693938821e-05
"IUCN","Exclude 0 and 1",833,0.0988096819203076,0.0286846031723312,0.000571706099693561
"FUSE","S&V, n = 1000",1000,0.142610766957141,0.0683026200268392,0.0368045754898526
"FUSE","S&V, n = 100",1000,0.133608280443493,0.0657406306655618,0.042117759442882
"FUSE","S&V, n = 10000",1000,0.142927493260171,0.0697388787881389,0.0404165239633201
"FUSE","Clamp 0.001",1000,0.144732967936634,0.0678573166402324,0.0329328127367737
"FUSE","Clamp 0.01",1000,0.130615287197214,0.0650204961240873,0.0445548980140253
"FUSE","Exclude 0 and 1",897,0.136362022189883,0.0642423002622583,0.0337856674183361
"EDGE2","S&V, n = 1000",1000,0.464060862689692,0.076877723796603,1.57638961025729e-09
"EDGE2","S&V, n = 100",1000,0.431844550248612,0.0758985944237386,1.27220368262339e-08
"EDGE2","S&V, n = 10000",1000,0.485655191200613,0.0771704216700322,3.10823812455462e-10
"EDGE2","Clamp 0.001",1000,0.455402155507169,0.0767428548661544,2.9540586975663e-09
"EDGE2","Clamp 0.01",1000,0.415772976748441,0.0755222053654627,3.68524084574462e-08
"EDGE2","Exclude 0 and 1",797,0.273913738853927,0.127340893668656,0.031474044850669
