"species","mean_percentage","sd_percentage"
"Cephaloscyllium zebrum",25.7272727272727,12.7295682043817
"Urolophus lobatus",24.5,23.0228257399153
"Parascyllium sparsimaculatum",24.05,9.60573797374267
"Apristurus bucephalus",23.6666666666667,18.9778061646702
"Dipturus queenslandicus",23.5161290322581,7.57969184885037
"Asymbolus funebris",23.5,16.7665358015122
"Orectolobus floridus",23.4375,7.83928489253086
"Dipturus healdi",23.1686746987952,4.91822183761951
"Dasyatis parvonigra",23.1052631578947,6.92300756901291
"Neotrygon ningalooensis",23,20.9255534664866
"Pavoraja mosaica",22.9583333333333,4.22681520372369
"Pavoraja pseudonitida",22.9583333333333,4.22681520372369
"Orectolobus parvimaculatus",22.9375,7.79790303008871
"Notoraja ochroderma",22.9,13.8749829374724
"Aulohalaelurus labiosus",22.8630136986301,4.76803850942313
"Urolophus expansus",22.8034188034188,3.19310242137579
"Dipturus oculus",22.7857142857143,6.40145797400482
"Notoraja azurea",22.7447368421053,1.86090317621395
"Orectolobus hutchinsi",22.7362637362637,4.31351644264046
"Squatina tergocellata",22.6962025316456,3.10846594831616
"Parascyllium elongatum",22.695652173913,8.35018631543926
"Cephaloscyllium albipinnum",22.6939655172414,2.50389669171661
"Dipturus canutus",22.6806722689076,2.46953939696808
"Irolita waitii",22.6623376623377,3.01974322459077
"Dipturus acrobelus",22.6466165413534,2.32244552940337
"Pavoraja arenaria",22.6446700507614,2.82571912013536
"Dipturus polyommata",22.6428571428571,4.72441955982775
"Dipturus gudgeri",22.6361256544503,1.95489922089144
"Squalus chloroculus",22.5911111111111,2.62978991307406
"Rajella challengeri",22.5885416666667,2.93664152002891
"Asymbolus occiduus",22.5868263473054,2.82801169306771
"Apristurus australis",22.5690376569038,1.77099460857461
"Asymbolus submaculatus",22.5531914893617,3.63209712622967
"Sinobatis filicauda",22.5416666666667,8.60448996017472
"Cephaloscyllium hiscosellum",22.5166666666667,3.85624830035415
"Cephaloscyllium variegatum",22.5166666666667,2.91143644141308
"Figaro striatus",22.5,4.2144315841831
"Etmopterus fusus",22.484375,5.4890945530201
"Sutorectus tentaculatus",22.4748603351955,3.0390768926783
"Pavoraja umbrosa",22.462962962963,5.22229651333625
"Pristiophorus delicatus",22.4462809917355,3.40189206202854
"Squalus notocaudatus",22.4330708661417,3.25808381093997
"Dipturus wengi",22.4067796610169,2.07206107537926
"Squatina albipunctata",22.3987138263666,1.89166217242922
"Squalus albifrons",22.3519553072626,2.81689148352502
"Notoraja sticta",22.3333333333333,5.56407175551872
"Asymbolus pallidus",22.3155339805825,2.48049237102729
"Dipturus melanospilus",22.3049645390071,2.84648956103449
"Mustelus stevensi",22.2983870967742,3.53178787278685
"Urolophus bucculentus",22.2884615384615,2.38874432623072
"Squalus grahami",22.2692307692308,2.47974581806609
"Trygonoptera galba",22.2272727272727,6.63261400794177
"Sinobatis caerulea",22.225,6.19439914826941
"Narcine nelsoni",22.2,2.94887221874974
"Trygonorrhina dumerilii",22.1929824561403,1.99853687199007
"Figaro boardmani",22.1324376199616,1.75081191495346
"Squatina australis",22.0691642651297,2.12924219210942
"Mustelus antarcticus",22.0463215258856,2.05155196166991
"Asymbolus vincenti",22.0424242424242,1.98482336651731
"Pristiophorus cirratus",22.0136239782016,2.13615124257839
"Cephaloscyllium speccum",22,4.24121445333552
"Urolophus mitosis",22,17.4077655955698
"Aptychotrema vincentiana",21.9773462783172,2.10643456935715
"Parascyllium variolatum",21.937037037037,2.44593760017046
"Parascyllium ferrugineum",21.9255319148936,2.35062534154557
"Spiniraja whitleyi",21.8895899053628,2.02755967329259
"Dipturus cerva",21.8763636363636,2.30373774838268
"Orectolobus maculatus",21.8737113402062,2.07213120820442
"Dipturus apricus",21.8735632183908,4.33923135333522
"Furgaleus macki",21.8558282208589,2.24711082887475
"Orectolobus halei",21.8418230563003,2.06876976487693
"Pavoraja nitida",21.8210526315789,2.38430428705966
"Cephaloscyllium laticeps",21.8152866242038,2.29898172268659
"Narcine tasmaniensis",21.7670250896057,2.62193722772847
"Trygonoptera ovalis",21.75,6.36239386226812
"Urolophus orarius",21.7407407407407,7.85506643498026
"Pristiophorus nudipinnis",21.7280334728033,2.68490397435904
"Squatina pseudocellata",21.7167630057803,3.04235864803052
"Asymbolus parvus",21.6927083333333,2.6736059868113
"Dentiraja lemprieri",21.587786259542,3.13725646002624
"Urolophus paucimaculatus",21.5507246376812,2.86080845853527
"Dipturus confusus",21.512987012987,3.01007330832028
"Parmaturus bigus",21.5,14.5513719024161
"Urolophus circularis",21.4761904761905,8.21990417886254
"Urolophus cruciatus",21.463768115942,4.85586444246967
"Hemitriakis falcata",21.3483146067416,4.47732548267695
"Urolophus westraliensis",21.3376623376623,4.58233571148722
"Pavoraja alleni",21.3178294573643,3.4111730261539
"Urolophus viridis",21.3080808080808,2.48015542410639
"Brachaelurus waddi",21.3061224489796,5.55177217313602
"Leucoraja pristispina",21.2987804878049,3.13113098034674
"Urolophus kapalensis",21.2857142857143,8.49290632491278
"Heterodontus portusjacksoni",21.280701754386,1.6080179699342
"Hypnos monopterygius",21.2559139784946,1.7971178126506
"Trygonoptera imitata",21.25,4.75435063051346
"Etmopterus dislineatus",21.2177777777778,2.62870093146893
"Heterodontus galeatus",21.1803278688525,5.04973513251794
"Notoraja hirticauda",21.1785714285714,4.82253073822121
"Asymbolus analis",21.1139240506329,4.32128639710995
"Asymbolus rubiginosus",21.0516129032258,3.07521413044637
"Halaelurus sellus",21.0157068062827,2.75540808490588
"Okamejei leptoura",21.0119760479042,3.03079683091267
"Trygonoptera mucosa",20.9591836734694,4.86118781315453
"Urolophus sufflavus",20.8863636363636,5.19563628895593
"Atelomycterus fasciatus",20.8253968253968,5.20507420342571
"Trygonorrhina fasciata",20.8181818181818,4.58669183337851
"Glyphis garricki",20.7555555555556,3.48072521655236
"Centrophorus westraliensis",20.7450980392157,4.2305490463042
"Neotrygon leylandi",20.719512195122,4.47824197779671
"Dipturus australis",20.7096774193548,4.93133886344845
"Irolita westraliensis",20.7058823529412,3.99223320618023
"Dipturus grahami",20.6326530612245,3.87157912248495
"Urolophus flavomosaicus",20.5735294117647,3.28664083358115
"Parascyllium collare",20.4133333333333,4.35751347459271
"Urolophus gigas",20.3571428571429,4.54653666772805
"Mustelus walkeri",20.3364485981308,3.66952660453786
"Narcine westraliensis",20.296875,4.1990632128524
"Squalus megalops",20.1666666666667,1.92045770055159
"Rhinoptera neglecta",20.1428571428571,2.7098300106865
"Insentiraja laxipella",20.1052631578947,9.08161476814869
"Aptychotrema rostrata",20.0769230769231,2.9737879404991
"Carcharhinus tilstoni",19.9718543046358,1.56424764178558
"Orectolobus ornatus",19.9562841530055,3.14292713790479
"Atelomycterus marnkalha",19.8639240506329,2.11681530880917
"Aptychotrema timorensis",19.8,17.1729173674449
"Brachaelurus colcloughi",19.710843373494,4.21041248679211
"Narcine lasti",19.6916996047431,2.28435301698659
"Dipturus endeavouri",19.6190476190476,5.37343202533675
"Galeus gracilis",19.5928571428571,3.38435747071579
"Himantura toshi",19.5409356725146,2.14185381610008
"Carcharhinus fitzroyensis",19.4801444043321,1.46456446777426
"Rhizoprionodon taylori",19.3376436781609,1.26861807787456
"Trygonoptera testacea",19.325,5.34013534047083
"Dipturus flindersi",19.2727272727273,11.2852207198198
"Orectolobus reticulatus",19.25,6.21391095799895
"Trygonoptera personata",19.2142857142857,10.0859530117396
"Rhinobatos sainsburyi",19.0805687203791,2.4820130399359
"Squalus edmundsi",18.8125,2.97227827285958
"Sinobatis bulbicauda",18.7777777777778,2.51817189137736
"Hemigaleus australiensis",18.6853582554517,1.36204270560184
"Atelomycterus macleayi",18.6534653465347,2.65511126935848
"Urolophus piperatus",18.5555555555556,7.32265393263572
"Orectolobus wardi",18.4814814814815,2.25041352454148
"Etmopterus evansi",18.3952095808383,2.77239427746963
"Neotrygon annotata",18.3427230046948,2.51124176245404
"Hemiscyllium trispeculare",18.2852348993289,1.3454516501803
"Aetomylaeus caeruleofasciatus",17.9728,1.38816795187984
"Centrophorus harrissoni",17.9090909090909,3.22586015925293
"Narcine ornata",17.8005952380952,2.08341707726966
"Neotrygon picta",17.4361370716511,2.20880442624786
"Carcharhinus coatesi",17.3265027322404,1.19223032045565
"Mustelus ravidus",17.1225296442688,2.2846983974103
"Cephaloscyllium cooki",16.6262626262626,4.02358503249194
"Rhynchobatus palpebratus",16.4431137724551,1.60253714686385
"Gymnura australis",16.1908396946565,1.43093397593775
"Centroscyllium kamoharai",16.137741046832,1.83536985380188
"Carcharhinus cautus",16.0837988826816,1.84782843018524
"Hypogaleus hyugaensis",16.0697247706422,0.7585841445789
"Dipturus falloargus",15.8870056497175,2.81546117022649
"Himantura astra",15.3929824561404,1.07592258245128
"Bathyraja ishiharai",15.047619047619,6.55230712398422
"Potamotrygon magdalenae",15,27.0614713628663
"Squalus montalbani",14.9104895104895,1.06512361401288
"Bythaelurus incanus",14.6666666666667,11.592275250871
"Etmopterus dianthus",14.5757575757576,5.78970623252944
"Asymbolus galacticus",14.5,6.87909770863507
"Dasyatis fluviorum",14.1089743589744,2.50762555729954
"Torpedo suessii",14,34.8735088019777
"Insentiraja subtilispinosa",13.94140625,2.07272318911112
"Apristurus platyrhynchus",13.0821529745042,1.59814197729841
"Eucrossorhinus dasypogon",12.85667752443,1.27818854682669
"Hemiscyllium ocellatum",12.6028243601059,0.870249158126149
"Myliobatis hamlyni",12.4511627906977,2.09873675315645
"Myliobatis tenuicaudatus",12.2731629392971,1.21340659371017
"Diplobatis colombiensis",11.8947368421053,6.67505557984652
"Etmopterus unicolor",11.6537931034483,1.0648951166362
"Bathyraja irrasa",11.3432835820896,3.77108341667586
"Deania quadrispinosa",11.304347826087,1.54696279287933
"Squalus nasutus",11.2086956521739,2.14213042703205
"Apristurus sinensis",10.7110266159696,1.48967910311926
"Dasyatis brevicaudata",10.6876456876457,0.976604585477518
"Etmopterus perryi",10.6363636363636,9.92962968619594
"Plesiobatis daviesi",9.50871080139373,1.15593139776791
"Centrophorus moluccensis",9.44073455759599,1.00765902867204
"Brochiraja aenigma",9.42857142857143,7.79028355269402
"Oxynotus bruniensis",9.34336525307797,0.911059506799981
"Narcine leoparda",9.33333333333333,9.43866595522593
"Pastinachus atrus",9.2431592039801,0.583897424488433
"Iago garricki",9.19929660023447,0.811951972233686
"Apristurus pinguis",8.98871331828443,1.21640857540406
"Etmopterus caudistigmus",8.76666666666667,4.22846428544023
"Squalus crassispinus",8.66806722689076,1.7356418849916
"Okamejei arafurensis",8.48387096774194,1.98455233115614
"Centroscymnus owstonii",7.42781998831093,0.583572945287049
"Urobatis tumbesensis",7.375,5.57462006677486
"Discopyge castelloi",7.37037037037037,5.25090625139179
"Cephalurus cephalus",7.25862068965517,3.45084369733306
"Etmopterus brachyurus",7.22670025188917,1.11716768197684
"Bathyraja murrayi",7.21739130434783,2.35073584716009
"Himantura fai",7.21541407371948,0.440726532206809
"Zearaja argentinensis",6.94405594405594,1.90218671495286
"Potamotrygon yepezi",6.92307692307692,6.78397772067844
"Rhinochimaera pacifica",6.7071791972866,0.578463395491994
"Galeus priapus",6.69230769230769,3.17496817321619
"Urotrygon rogersi",6.51020408163265,3.18673507177347
"Urotrygon aspidura",6.41176470588235,3.65349326015421
"Notoraja martinezi",6.4,3.2659863237109
"Raja ackleyi",6.375,8.61182385450435
"Breviraja mouldi",6.31818181818182,4.69874666466666
"Squalus bucephalus",6.28703703703704,2.04431495846121
"Psammobatis rudis",6.17701149425287,0.785991769989828
"Pristis clavata",6.1371557054525,0.474915807978251
"Carcharias taurus",6.09356984478936,0.300493971767848
"Carcharhinus obscurus",6.0465374841169,0.211156434132348
"Mustelus lunulatus",6,1.24052019435844
"Aetomylaeus vespertilio",5.98332539304431,0.421364519867369
"Urobatis concentricus",5.93333333333333,2.98067099007358
"Mustelus albipinnis",5.91489361702128,3.13664459397106
"Apristurus ampliceps",5.84848484848485,1.17391214241925
"Galeus piperatus",5.82222222222222,3.20213172542619
"Mustelus schmitti",5.81465517241379,0.775535458945166
"Schroederichthys maculatus",5.8125,3.12387746393038
"Squalus blainville",5.80645161290323,4.25191850849102
"Psammobatis bergi",5.79750778816199,1.08630739485917
"Gymnura marmorata",5.79245283018868,3.10732561686431
"Sympterygia bonapartii",5.78585086042065,0.70377520559322
"Glaucostegus typus",5.77412280701754,0.43223163915061
"Leucoraja lentiginosa",5.77272727272727,2.0281638333567
"Psammobatis normani",5.77197802197802,0.831538321376422
"Raja equatorialis",5.77142857142857,2.06102638790465
"Urotrygon munda",5.76,4.07287157031533
"Bathyraja spinosissima",5.75739644970414,1.35899634938447
"Heterodontus francisci",5.75138121546961,1.50864794895402
"Scyliorhinus hesperius",5.72881355932203,2.55835869083884
"Psammobatis extenta",5.71498771498772,0.842214389761998
"Rhinobatos productus",5.64705882352941,1.50494623309843
"Narcine entemedor",5.64516129032258,1.95944164863612
"Bathyraja macloviana",5.61806981519507,0.685407847219738
"Etmopterus pseudosqualiolus",5.60526315789474,3.35915042042619
"Rhinobatos glaucostigma",5.59036144578313,2.23618108769027
"Zapteryx exasperata",5.5672514619883,1.47400109295337
"Parmaturus xaniurus",5.55769230769231,1.22427099925168
"Mustelus dorsalis",5.53571428571429,2.79767661357371
"Urobatis halleri",5.48703170028818,1.19835229790431
"Raja cortezensis",5.48571428571429,3.67017878683794
"Bathyraja magellanica",5.4572192513369,0.905010686452802
"Apristurus kampae",5.44761904761905,1.37100629488367
"Mustelus californicus",5.43478260869565,1.41805974253157
"Apristurus melanoasper",5.43430799220273,0.371054538646301
"Etmopterus viator",5.41304347826087,0.972321667850046
"Chiloscyllium punctatum",5.40793201133144,0.31620641222231
"Atlantoraja platana",5.40437158469945,1.02052421332105
"Psammobatis lentiginosa",5.35922330097087,1.10903832305962
"Platyrhinoidis triseriata",5.35374149659864,1.52161091891942
"Carcharhinus brevipinna",5.32403100775194,0.375380254208473
"Centroscymnus plunketi",5.30793157076205,0.728001440916394
"Myliobatis californica",5.30288461538461,1.40117966631508
"Dactylobatus armatus",5.29885057471264,2.11057024364443
"Carcharhinus brachyurus",5.28624078624079,0.467784666041337
"Myliobatis ridens",5.25384615384615,2.01617688182743
"Etmopterus carteri",5.25,10.8333333333333
"Etmopterus lucifer",5.24906850100315,0.297831822040955
"Urobatis maculatus",5.23529411764706,3.65827344440479
"Rhizoprionodon longurio",5.22666666666667,2.24777231034352
"Myliobatis longirostris",5.22058823529412,2.37746246574582
"Cephaloscyllium ventriosum",5.17824773413897,1.20235573022849
"Psammobatis rutrum",5.16666666666667,1.24296828726325
"Atlantoraja castelnaui",5.16613418530351,1.14884571904787
"Tetronarce puelcha",5.15789473684211,0.973726801742652
"Triakis semifasciata",5.13953488372093,1.36826746189389
"Amblyraja doellojuradoi",5.13430127041742,0.574087080703469
"Zameus ichiharai",5.13333333333333,6.55495631570384
"Urotrygon chilensis",5.125,2.3827980060107
"Atlantoraja cyclophora",5.07777777777778,1.2224942730249
"Discopyge tschudii",5.07008547008547,0.561567034939511
"Mustelus fasciatus",5.06132075471698,1.59482897909047
"Gymnura crebripunctata",5.046875,2.5307355444284
"Breviraja nigriventralis",5.01666666666667,2.47881031165501
"Oxynotus japonicus",5,7.74433647737154
"Urobatis pardalis",5,21.904291355759
"Mustelus henlei",4.98294243070362,0.945642771221006
"Galeus nipponensis",4.95959595959596,2.00018137916217
"Heterodontus mexicanus",4.95833333333333,2.37099338140476
"Carcharhinus cerdale",4.88405797101449,2.35456848542623
"Rhinobatos prahli",4.87096774193548,3.50667146492594
"Bathyraja scaphiops",4.86686390532544,0.974808773587544
"Bathyraja brachyurops",4.86120401337793,0.537946789070771
"Nasolamia velox",4.85815602836879,1.54653037536504
"Pristis zijsron",4.84225530566994,0.328833449085001
"Rhinobatos leucorhynchus",4.84210526315789,2.26654914494297
"Himantura leoparda",4.83814102564103,0.349369147099481
"Raja inornata",4.80829015544041,1.42055565974887
"Rioraja agassizii",4.79016393442623,1.15086689507106
"Anoxypristis cuspidata",4.78872326636423,0.333801140848528
"Bathyraja meridionalis",4.78526315789474,0.727351348614164
"Squatina guggenheim",4.78148148148148,1.2646119813765
"Narcine vermiculatus",4.775,3.48327533662027
"Rhinobatos horkelii",4.76394849785408,1.34826035209373
"Apristurus fedorovi",4.75555555555556,2.96329964417114
"Zapteryx xyster",4.72881355932203,2.41259837097499
"Schroederichthys bivius",4.71799027552674,0.56233757948548
"Rhinoptera steindachneri",4.69811320754717,1.70656263504847
"Raja texana",4.69318181818182,1.65429448696521
"Hemitriakis abdita",4.6865671641791,1.69738528450069
"Sphyrna corona",4.68316831683168,1.85553700288721
"Apristurus brunneus",4.67757009345794,0.786006332827192
"Apristurus japonicus",4.65248226950355,1.71757917369823
"Carcharhinus albimarginatus",4.64443432733895,0.228402823203492
"Dipturus trachyderma",4.60843373493976,0.460595633699895
"Diplobatis ommata",4.60416666666667,1.95400337992395
"Centroscyllium ritteri",4.578125,1.37360394578413
"Galeus longirostris",4.56862745098039,1.98156937570865
"Rajella purpuriventralis",4.56,3.89851046405981
"Rhinochimaera africana",4.55787781350482,0.667539507182334
"Diplobatis guamachensis",4.55357142857143,2.47871530868908
"Apristurus albisoma",4.55,1.62912258717397
"Dasyatis longa",4.54545454545455,2.18560702211422
"Etmopterus pusillus",4.53900210822207,0.324135259197753
"Leucoraja yucatanensis",4.53846153846154,5.47706188766238
"Cirrhoscyllium japonicum",4.52,2.4990772707916
"Rhynchobatus australiae",4.51821132347638,0.325640925909088
"Zameus squamulosus",4.51353874883287,0.386226388862295
"Isistius plutodus",4.51202749140893,1.06748449488558
"Cirrhigaleus australis",4.50534188034188,0.562480294338752
"Hexanchus nakamurai",4.47752808988764,0.397852440830325
"Carcharhinus altimus",4.47337278106509,0.431302216071612
"Loxodon macrorhinus",4.46246403348156,0.232329106190151
"Zapteryx brevirostris",4.46062992125984,1.13590308251842
"Parmaturus pilosus",4.44394618834081,1.14566502762425
"Parmaturus angelae",4.42857142857143,4.84558509452329
"Rhinoraja longicauda",4.3921568627451,2.78860912983403
"Sympterygia acuta",4.37037037037037,1.28832189927515
"Rhizoprionodon acutus",4.35477528089888,0.29143925883186
"Hemipristis elongata",4.33416597280044,0.265590529331065
"Urotrygon venezuelae",4.33333333333333,5.04747383783797
"Rhinoraja odai",4.33333333333333,3.90599802952009
"Dasyatis dipterura",4.328,1.68307558782826
"Bathyraja griseocauda",4.32253521126761,0.446153131811536
"Mitsukurina owstoni",4.31931166347992,0.581189392714439
"Carcharhinus amblyrhynchos",4.30485263471271,0.285331601367963
"Notorynchus cepedianus",4.28139754485364,0.364973825944386
"Carcharhinus amblyrhynchoides",4.27864506627393,0.250796434819292
"Carcharhinus leucas",4.26362625139043,0.236405122395814
"Scyliorhinus haeckelii",4.24764890282132,1.10439259258519
"Bathyraja matsubarai",4.24,2.26131275004926
"Bathyraja albomaculata",4.23285714285714,0.444696640464954
"Rhina ancylostoma",4.20339525944907,0.309675927160692
"Urotrygon cimar",4.1875,4.87007650884667
"Pteroplatytrygon violacea",4.17717206132879,0.330690716170003
"Dasyatis sabina",4.1689497716895,1.37776574448781
"Mustelus norrisi",4.16490765171504,0.68003799092827
"Dalatias licha",4.16416416416416,0.322073732921801
"Bathyraja multispinis",4.15738161559889,0.470280357987038
"Apristurus riveri",4.14285714285714,0.966763962071801
"Notoraja tobitukai",4.1078431372549,2.15287537224903
"Squaliolus aliae",4.10479041916168,0.491312556109926
"Eusphyra blochii",4.09721071527202,0.258159456405939
"Dipturus gigas",4.0672268907563,1.12343630069691
"Raja velezi",4.06185567010309,2.00279892739291
"Rhinobatos lentiginosus",4.0125,1.08773145685055
"Carcharhinus sealei",4.0095590502621,0.268942342185201
"Malacoraja obscura",4,5.60583310121681
"Potamotrygon brachyura",4,9.87293003493631
"Potamotrygon motoro",4,5.806885154831
"Squalus bahiensis",4,19.6946385566932
"Pristis pristis",3.98579475875582,0.274580544323879
"Breviraja spinosa",3.97916666666667,2.53162862966086
"Brochiraja heuresa",3.97435897435897,2.71199986216429
"Heptranchias perlo",3.93911917098446,0.259769415505568
"Carcharhinus amboinensis",3.92316729323308,0.223839975198705
"Triaenodon obesus",3.92217194570136,0.231318392776966
"Bathyraja trachouros",3.8955223880597,2.0882057215193
"Centrophorus uyato",3.89201101928375,0.399347408277498
"Galeorhinus galeus",3.87443130118289,0.267164729493804
"Bathyraja cousseauae",3.84090909090909,1.22475339144482
"Squatina dumeril",3.84072022160665,0.725148449391767
"Bathyraja papilionifera",3.83018867924528,2.6201181279802
"Carcharhinus melanopterus",3.8293891029169,0.244497372533722
"Bathyraja diplotaenia",3.82432432432432,1.91163019584891
"Himantura granulata",3.82217461167649,0.24923204492235
"Fenestraja sinusmexicanus",3.81626506024096,1.03108365931641
"Deania calcea",3.81183745583039,0.355719206725878
"Squalus lobularis",3.8,3.1478708533056
"Cephaloscyllium umbratile",3.7984496124031,0.836297533420781
"Apristurus parvipinnis",3.79187817258883,1.11645990055416
"Rhinoraja kujiensis",3.78205128205128,1.37121926213777
"Gurgesiella atlantica",3.77931034482759,1.29108282856842
"Etmopterus bigelowi",3.76643128734383,0.399844208846132
"Himantura jenkinsii",3.74752781211372,0.254897502428602
"Carcharhinus sorrah",3.73121869782972,0.245783980829133
"Gurgesiella dorsalifera",3.7027027027027,2.76090751842814
"Himantura uarnak",3.69496500338677,0.212105376248091
"Myliobatis goodei",3.66910994764398,0.472036683582286
"Dipturus tengu",3.65765765765766,0.933554494738854
"Benthobatis kreffti",3.64864864864865,3.00947977504883
"Narcine brasiliensis",3.62096774193548,1.72886723338666
"Bathyraja bergi",3.60887096774194,1.09850115843785
"Schroederichthys saurisqualus",3.58,2.03593971056377
"Squalus albicaudus",3.578125,2.42565229629063
"Carcharhinus macloti",3.56265289480837,0.232036355055481
"Squalus cubensis",3.53791708796764,0.564250781332226
"Squalus quasimodo",3.525,3.079235606314
"Etmopterus benchleyi",3.52173913043478,3.25214760944649
"Scyliorhinus boa",3.51890034364261,1.00588605621017
"Etmopterus schultzi",3.51652892561984,1.02991424193709
"Squalus griffini",3.50140845070423,0.961950886362516
"Cruriraja rugosa",3.4989010989011,0.74885726153242
"Scyliorhinus retifer",3.4951768488746,1.10411705072431
"Negaprion acutidens",3.47985107314936,0.206646400508368
"Etmopterus gracilispinis",3.47339077546883,0.342884643589296
"Galeus mincaronei",3.46153846153846,3.52166548478744
"Centrophorus tessellatus",3.45084745762712,0.973660646378578
"Squatina californica",3.44736842105263,0.910790019371153
"Hexanchus griseus",3.42154831418346,0.216315291774648
"Dasyatis hypostigma",3.40127388535032,1.47156887058713
"Heterodontus zebra",3.38832997987928,0.524777816484096
"Neoharriotta carri",3.37962962962963,1.491124388014
"Okamejei schmidti",3.33766233766234,2.29258950732986
"Squatina occulta",3.33333333333333,1.12586218660947
"Mustelus canis",3.33177570093458,0.340516074263203
"Carcharhinus plumbeus",3.32071528100325,0.133050337218513
"Rajella fuliginea",3.3160621761658,0.641078222548074
"Squatina argentina",3.31182795698925,1.40222889673438
"Dactylobatus clarkii",3.3037037037037,1.05898426470274
"Carcharhinus porosus",3.29102564102564,0.55512355446897
"Dipturus mennii",3.29090909090909,2.24837272224938
"Anacanthobatis americana",3.28021978021978,1.14365254474686
"Centroscyllium nigrum",3.2532637075718,0.884775934900118
"Dasyatis centroura",3.25126262626263,0.578016329398487
"Apristurus herklotsi",3.18518518518519,1.60817251604511
"Dasyatis acutirostra",3.18367346938776,2.36223760725104
"Dipturus olseni",3.18181818181818,2.10453014441981
"Rhinoptera brasiliensis",3.17993079584775,0.637831698034923
"Rhizoprionodon terraenovae",3.17041420118343,0.605375772345125
"Etmopterus virens",3.16554054054054,0.563891691668976
"Rhinobatos planiceps",3.13888888888889,2.48624473742547
"Squatina varii",3.12080536912752,1.39342275747155
"Chlamydoselachus anguineus",3.08815426997245,0.364575769369539
"Scyliorhinus ugoi",3.08333333333333,2.70549903493946
"Centrophorus granulosus",3.07975188303057,0.309569946338221
"Squalus clarkae",3.0525641025641,0.550510533898892
"Dipturus teevani",3.03973509933775,0.684441787776119
"Neoraja carolinensis",3.03703703703704,3.54622169299283
"Urogymnus asperrimus",3.02779984114376,0.181740394561382
"Sphyrna tiburo",3.02758620689655,0.483684488080957
"Mustelus sinusmexicanus",3.02127659574468,1.73538327656458
"Rhinoptera bonasus",3.01487778958555,0.535872079715694
"Etmopterus splendidus",3,1.75981295557463
"Anacanthobatis folirostris",3,5.66227465631759
"Himantura schmardae",3,0.481385463457135
"Dasyatis izuensis",3,9.58744970882204
"Hexatrygon bickelli",2.99266177451634,0.362057466704128
"Bathyraja isotrachys",2.99162790697674,0.432842208207971
"Sphyrna lewini",2.98934280639432,0.10306029214278
"Bathyraja tzinovskii",2.98901098901099,1.66824858234733
"Etmopterus robinsi",2.98809523809524,1.62733604049649
"Bathyraja fedorovi",2.98299319727891,0.651947603499066
"Carcharhinus galapagensis",2.97010101010101,0.348634298375513
"Squalus suckleyi",2.95981804397271,0.329003233244638
"Carcharhinus perezi",2.95805871779509,0.356422695587832
"Negaprion brevirostris",2.95223179326547,0.276750596607883
"Dasyatis guttata",2.95217391304348,0.584323249814895
"Cirrhigaleus asper",2.94711538461538,0.892021315705618
"Carcharhinus limbatus",2.93968142422113,0.146500059785482
"Tetronarce tokionis",2.92753623188406,0.67388422805754
"Nebrius ferrugineus",2.91359242454133,0.186558443353688
"Notoraja sapphira",2.91071428571429,1.87639524120486
"Scymnodalatias albicauda",2.90643274853801,0.657462324595
"Hypanus berthalutzae",2.89705882352941,1.10843189966688
"Narcine bancroftii",2.89650145772595,0.59930305317853
"Gymnura micrura",2.89236641221374,0.394628814089799
"Dasyatis colarensis",2.89090909090909,2.32718950723568
"Somniosus antarcticus",2.87648970747562,0.435926825060593
"Dipturus garricki",2.8698224852071,1.05841018374067
"Sphyrna media",2.86443381180223,0.60865808703818
"Urobatis jamaicensis",2.85426356589147,0.652620938612941
"Rhinobatos percellens",2.8296943231441,0.650166528734745
"Bathyraja andriashevi",2.8255033557047,1.2557527801191
"Etmopterus molleri",2.81857585139319,0.3005823824138
"Scyliorhinus cabofriensis",2.8125,3.80794872403089
"Carcharhinus acronotus",2.7956008583691,0.32493527348604
"Mobula kuhlii",2.77262884365526,0.183328667255144
"Squalus acanthias",2.77219338978421,0.238616032706951
"Galeus eastmani",2.75647668393782,1.15008035381376
"Ginglymostoma cirratum",2.72857142857143,0.30195851224777
"Mustelus higmani",2.71580547112462,0.502263500109241
"Galeus arae",2.69847328244275,0.871807254335337
"Squalus formosus",2.69230769230769,3.39198886033922
"Taeniurops meyeni",2.68893166506256,0.170240316274322
"Bathyraja smirnovi",2.68682505399568,0.489560835133189
"Dasyatis marianae",2.68141592920354,1.53770908942807
"Sinobatis borneensis",2.68085106382979,1.3695270314856
"Sphyrna zygaena",2.67958212113198,0.150925152426126
"Mustelus minicanis",2.66666666666667,2.80291655060841
"Bathyraja parmifera",2.66636971046771,0.318073473166619
"Odontaspis ferox",2.65642532727759,0.213909493768487
"Dipturus bullisi",2.65591397849462,1.22699490215231
"Etmopterus hillianus",2.65271966527197,1.0061193192118
"Dipturus leptocaudus",2.65178571428571,1.48242969112051
"Pristiophorus japonicus",2.65144596651446,0.547799983147388
"Dasyatis americana",2.64047619047619,0.515006487239092
"Bathyraja eatonii",2.63071895424837,0.820945087901457
"Bathyraja panthera",2.62637362637363,1.66689535999639
"Bathyraja maculata",2.62573726541555,0.339242825122332
"Bathyraja trachura",2.62105263157895,0.343032391762162
"Okamejei cairae",2.61627906976744,1.45378197645358
"Raja stellulata",2.60869565217391,1.52158227436773
"Galeocerdo cuvier",2.60686868686869,0.107768592259307
"Trigonognathus kabeyai",2.6030534351145,1.27038955046361
"Centroscymnus crepidater",2.60196078431373,0.257384652244658
"Bathyraja minispinosa",2.59004053271569,0.378571585552333
"Raja binoculata",2.58686131386861,0.523314416767753
"Dasyatis lata",2.58407079646018,1.44337396028385
"Sphyrna mokarran",2.58092193808883,0.0961210373553856
"Dipturus macrocauda",2.57352941176471,0.923008697736541
"Raja eglanteria",2.57234726688103,0.867138086769443
"Somniosus pacificus",2.56848228450555,0.253502664730749
"Scymnodalatias sherwoodi",2.56591639871383,0.783602664902918
"Sphyrna tudes",2.5515873015873,0.657770356121344
"Bathyraja taranetzi",2.54954954954955,0.678717332483836
"Raja rhina",2.54464285714286,0.773526190404421
"Bathyraja aleutica",2.54457142857143,0.388280597383747
"Bathyraja lindbergi",2.53448275862069,0.4036597717498
"Apristurus gibbosus",2.52173913043478,2.97526929499621
"Rhizoprionodon porosus",2.52100840336134,0.354292999444299
"Pristis pectinata",2.51960784313725,0.394146323438941
"Bathyraja interrupta",2.5136690647482,0.569496286107672
"Dipturus oregoni",2.50943396226415,2.0782419960986
"Taeniura lymma",2.50844686648501,0.292645968086965
"Stegostoma fasciatum",2.50670527278269,0.155764766732024
"Squatina david",2.50609756097561,0.819426805755662
"Bathyraja violacea",2.49708963911525,0.565339630746351
"Aetobatus narinari",2.49168690453951,0.110424186109708
"Bathyraja mariposa",2.47674418604651,1.57360175187952
"Cirrhigaleus barbifer",2.46376811594203,1.9487665992388
"Apristurus spongiceps",2.4412955465587,0.995786494326602
"Triakis acutipinna",2.4375,2.03122976550398
"Fenestraja ishiyamai",2.43636363636364,2.08701277885245
"Bathyraja abyssicola",2.41487279843444,0.474053265733627
"Myliobatis freminvillei",2.40597758405978,0.505276016760579
"Urotrygon nana",2.4,7.12372618420127
"Amblyraja hyperborea",2.3658181194823,0.126005381473883
"Cephaloscyllium sarawakensis",2.36363636363636,4.00767274797098
"Rajella lintea",2.35284810126582,0.30320529412642
"Gymnura japonica",2.3484602917342,0.579349697898306
"Carcharhinus isodon",2.34795763993949,0.555539661277677
"Squaliolus laticaudus",2.33969465648855,0.42481817045333
"Tetronarce formosa",2.33870967741935,1.32934240165779
"Rhizoprionodon lalandii",2.33256351039261,0.674718876983999
"Aetobatus ocellatus",2.32581946024196,0.106967404251397
"Rajella sadowskii",2.32352941176471,1.71320166413075
"Etmopterus bullisi",2.31168831168831,0.809812428512616
"Echinorhinus brucus",2.29936305732484,0.28092914542101
"Himantura lobistoma",2.29385964912281,0.797980727715626
"Etmopterus villosus",2.28947368421053,2.29522428234838
"Triakis scyllium",2.2863309352518,0.502566241687881
"Dasyatis microps",2.26349614395887,0.471433760863641
"Galeus antillensis",2.26315789473684,1.34964421040128
"Isistius brasiliensis",2.25857519788918,0.392309292279491
"Leucoraja garmani",2.25242718446602,0.969696255608897
"Raja pulchra",2.25,0.501332513380823
"Psammobatis parvacauda",2.25,7.19058728161653
"Mobula munkiana",2.24747474747475,0.145163001003981
"Mollisquama mississippiensis",2.23529411764706,3.52544835889115
"Tetronarce californica",2.22950819672131,0.993674440581847
"Apristurus longicephalus",2.21616712079927,0.313039214116378
"Myliobatis tobijei",2.20377867746289,0.451497793041213
"Apristurus macrorhynchus",2.19526627218935,1.02071547304225
"Dasyatis say",2.15142857142857,0.521174007321989
"Torpedo andersoni",2.13934426229508,0.804166978124252
"Squatina nebulosa",2.13125,0.538305421923955
"Hemitriakis complicofasciata",2.12820512820513,2.55255103218859
"Schroederichthys tenuis",2.12631578947368,1.47338038943031
"Carcharhinus hemiodon",2.12574575493346,0.268223338604046
"Okamejei kenojei",2.12,0.553065125051019
"Parmaturus melanobranchus",2.11764705882353,2.11660515876859
"Rhizoprionodon oligolinx",2.07899716177862,0.267706194360606
"Maculabatis ambigua",2.06989247311828,0.473378632315661
"Bathyraja spinicauda",2.05408970976253,0.181271473835281
"Urolophus aurantiacus",2.05263157894737,1.08213074401534
"Apristurus nasutus",2.03125,1.39969752574628
"Fenestraja plutonia",2.01680672268908,1.258380351475
"Okamejei meerdervoortii",2.00696864111498,0.798734376788116
"Urotrygon microphthalmum",2.00438596491228,0.815800906552712
"Aetobatus flagellum",2,0.546607896906079
"Echinorhinus cookei",1.99246231155779,0.483109754261575
"Himantura pacifica",1.96296296296296,2.65595178675857
"Heterodontus japonicus",1.95514511873351,0.467043238556711
"Cruriraja cadenati",1.93333333333333,3.94063694453315
"Euprotomicroides zantedeschia",1.92452830188679,1.32686652527024
"Dasyatis geijskesi",1.91256830601093,0.933641686306372
"Oxynotus caribbaeus",1.89915966386555,0.896756341574533
"Breviraja claramaculata",1.88235294117647,3.11489356988275
"Mobula hypostoma",1.87150837988827,0.114525398791556
"Himantura signifer",1.86666666666667,3.42696771856808
"Isogomphodon oxyrhynchus",1.84615384615385,0.921982717898451
"Diplobatis pictus",1.81526104417671,0.714048107029189
"Apristurus garricki",1.81269841269841,0.595702346879897
"Neoraja africana",1.79245283018868,1.32401785899479
"Hongeo koreana",1.79166666666667,2.59871061441314
"Himantura pastinacoides",1.78758169934641,0.42749446636901
"Carcharhinus signatus",1.77625201938611,0.379825087715566
"Glaucostegus halavi",1.77358490566038,0.429920439041909
"Pastinachus solocirostris",1.7536231884058,1.57276546072457
"Galeus sauteri",1.74842767295597,0.663433262635119
"Cephaloscyllium signourum",1.74550898203593,0.603404261054479
"Rhinobatos schlegelii",1.71854304635762,0.791315224099831
"Squatina japonica",1.70597014925373,0.473055588239495
"Tetronarce tremens",1.70454545454545,1.03490550004923
"Rajella fyllae",1.69665224322478,0.145247872689151
"Scyliorhinus torazame",1.68989547038328,0.720016276520213
"Tetronarce occidentalis",1.68509615384615,0.57018103910426
"Potamotrygon signata",1.66666666666667,7.30143045191968
"Carcharhinus obsoletus",1.66480446927374,0.801866136752811
"Centroscymnus coelolepis",1.64817001180638,0.124659957054785
"Centrophorus squamosus",1.63954846243675,0.217629493963457
"Somniosus longus",1.62903225806452,0.717934575690709
"Himantura imbricata",1.62145748987854,0.380068559796382
"Squalus brevirostris",1.60477941176471,0.473085248699942
"Himantura uarnacoides",1.59727385377943,0.307033415031941
"Manta alfredi",1.58942027680207,0.0450261615273023
"Dasyatis laevigata",1.57798165137615,1.1885546254967
"Carcharhinus tjutjot",1.57021877205363,0.23681068440986
"Pseudotriakis microdon",1.56384323640961,0.204867517440017
"Galeus springeri",1.53398058252427,1.17238057668634
"Somniosus microcephalus",1.52440239043825,0.0800693983606251
"Okamejei acutispina",1.49392712550607,0.458352018381479
"Leucoraja fullonica",1.49162011173184,0.329569961130519
"Himantura undulata",1.48248248248248,0.274668398632979
"Raja cervigoni",1.47169811320755,1.19421600690582
"Rhynchobatus springeri",1.46910755148741,0.52362057869869
"Squalus mitsukurii",1.45648604269294,0.472953741417859
"Cruriraja poeyi",1.43809523809524,1.1284566523671
"Himantura hortlei",1.42857142857143,4.76190476190476
"Glaucostegus thouin",1.40581717451524,0.349601940631249
"Narke japonica",1.40079365079365,0.449293136198065
"Glyphis glyphis",1.3953488372093,1.58523211828076
"Apristurus canutus",1.38461538461538,1.64687509665805
"Squalus altipinnis",1.36571428571429,0.428110489123589
"Hemiscyllium galei",1.36363636363636,3.50901906414793
"Amblyraja radiata",1.3591628959276,0.162574677451519
"Euprotomicrus bispinatus",1.34807887682534,0.0150338691107472
"Aetomylaeus nichofii",1.34779932286857,0.130531297912294
"Deania hystricosa",1.33971291866029,0.807533728615011
"Alopias pelagicus",1.336915101028,0.0340825176711398
"Pristiophorus schroederi",1.33333333333333,2.68010084069123
"Mustelus manazo",1.30355220667384,0.312388494260302
"Platyrhina sinensis",1.30254350736278,0.403115811015416
"Isurus oxyrinchus",1.30196917045353,0.0189516726448971
"Rhinobatos lionotus",1.3,3.37997668989631
"Dipturus batis",1.29821531375936,0.267084590977296
"Rhincodon typus",1.28338060900174,0.0238149031583918
"Apristurus macrostomus",1.28181818181818,0.696969696969697
"Manta birostris",1.27344962881418,0.0197714568587822
"Dasyatis akajei",1.26801801801802,0.460190224642076
"Carcharhinus falciformis",1.26341953567084,0.0269259089759934
"Hemiscyllium freycineti",1.26086956521739,2.0768861115288
"Proscyllium habereri",1.25573770491803,0.436051753606697
"Hemigaleus microstoma",1.25535823637477,0.182469656925085
"Chiloscyllium griseum",1.25526315789474,0.468449724047714
"Mustelus widodoi",1.25,2.94627825494395
"Torpedo panthera",1.25,0.114390790890745
"Alopias superciliosus",1.24758478341886,0.0209731364856666
"Chiloscyllium hasseltii",1.24390243902439,0.480982096186961
"Megachasma pelagios",1.23356552962298,0.022365100491035
"Gymnura altavela",1.23140495867769,0.239760399988663
"Maculabatis macrura",1.22719594594595,0.259824223172074
"Narke dipterygia",1.2265625,0.307623590605352
"Sinobatis melanosoma",1.22641509433962,0.731366426841969
"Rhinobatos penggali",1.21428571428571,3.05501672503933
"Rhynchobatus djiddensis",1.20759493670886,0.254070747429445
"Gymnura poecilura",1.19475277497477,0.279850825257032
"Carcharhinus borneensis",1.19126328217237,0.297402422471187
"Carcharhinus longimanus",1.18376350885261,0.0212631900021709
"Lamna ditropis",1.18251728517003,0.0676849052451058
"Rhinobatos jimbaranensis",1.18181818181818,3.07270608172392
"Isurus paucus",1.17670112106923,0.0214357252397955
"Hemiscyllium halmahera",1.17647058823529,2.64392102926762
"Rhynchobatus cooki",1.17647058823529,2.50824372183071
"Himantura bleekeri",1.17578125,0.533969638287909
"Centrophorus longipinnis",1.17567567567568,1.11427010334994
"Hemitriakis japanica",1.1747572815534,0.322677033089126
"Carcharodon carcharias",1.17140629529302,0.0122735495147509
"Rajella annandalei",1.16666666666667,4.27387333293738
"Alopias vulpinus",1.16029970341849,0.0137345073156173
"Mobula mobular",1.15790376042976,0.02038955263866
"Centrophorus atromarginatus",1.14893617021277,0.922674388952788
"Mobula thurstoni",1.14823558308998,0.0197466121606531
"Squalus japonicus",1.13793103448276,0.518997721815406
"Rhinoptera javanica",1.13410852713178,0.296601495724076
"Rhinobatos punctifer",1.12676056338028,0.103112825591658
"Paragaleus tengi",1.125,0.957282856407508
"Potamotrygon ocellata",1.125,3.59529364080827
"Potamotrygon scobina",1.125,3.59529364080827
"Prionace glauca",1.12372863483421,0.0126443744319066
"Parmaturus lanatus",1.11111111111111,3.7037037037037
"Himantura gerrardi",1.10642040457344,0.242779081444778
"Pseudocarcharias kamoharai",1.09994075036792,0.0264576628992017
"Himantura walga",1.0916179337232,0.099896831031294
"Chiloscyllium indicum",1.0897597977244,0.195216769016443
"Aetomylaeus maculatus",1.08949416342412,0.412939771438214
"Squalus hemipinnis",1.07936507936508,1.38855100221268
"Scoliodon macrorhynchos",1.07769423558897,0.247513072050002
"Squatina armata",1.07476635514019,0.970471010517159
"Dipturus lamillai",1.07258064516129,0.99963073517263
"Dasyatis zugei",1.07162921348315,0.394560949930305
"Narcine lingula",1.0414201183432,0.678684439214408
"Temera hardwickii",1.03030303030303,1.62417663614145
"Dipturus nidarosiensis",1.0247641509434,0.356618933727241
"Atelomycterus marmoratus",1.02013422818792,0.188672206093096
"Torpedo sinuspersici",1.01626016260163,0.221900511636509
"Odontaspis noronhai",1.01507840772014,0.202149070822017
"Rhynchobatus luebberti",1.01333333333333,0.986917794959
"Centroscyllium fabricii",1.00712881022616,0.142759104442742
"Atelomycterus baliensis",1,10
"Cephaloscyllium pictum",1,3.13723188365327
"Etmopterus burgessi",1,2.5440378720355
"Halaelurus maculosus",1,2.39246854188424
"Pseudoraja fischeri",1,1.78150198641357
"Rajella paucispinosa",1,5.71488693325884
"Lamna nasus",0.983907524932004,0.0353554431194629
"Chiloscyllium plagiosum",0.981544439048082,0.160307651149452
"Okamejei hollandi",0.977777777777778,0.54585622100366
"Scoliodon laticaudus",0.974438078448656,0.147293721761873
"Mobula tarapacana",0.970922632016797,0.017567437808318
"Cetorhinus maximus",0.964596728249369,0.0182630759920097
"Lamiopsis temminckii",0.963734567901235,0.188843084733618
"Raja montagui",0.957399103139013,0.201469119101164
"Scyliorhinus stellaris",0.955798479087452,0.180116871464941
"Scyliorhinus canicula",0.94625322997416,0.187947236004118
"Hemiscyllium hallstromi",0.942307692307692,1.2068566189944
"Glaucostegus obtusus",0.935897435897436,0.488558869128684
"Etmopterus alphus",0.933333333333333,1.18938649288406
"Mustelus mosis",0.920962199312715,0.175292099656364
"Raja clavata",0.912454212454212,0.166611462413998
"Dasyatis marmorata",0.904347826086957,0.750983519390343
"Potamotrygon constellata",0.9,2.87623491264661
"Mustelus griseus",0.896402877697842,0.340281847121114
"Narcine timlei",0.889380530973451,0.327768466298267
"Chiloscyllium burmensis",0.875,1.19109231290759
"Galeus melastomus",0.868577075098814,0.158927188385462
"Scyliorhinus meadi",0.857142857142857,0.799866138567916
"Oxynotus centrina",0.856943150046598,0.185200391697559
"Fenestraja atripinna",0.849056603773585,1.29657409610618
"Etmopterus spinax",0.845742785892412,0.144077313487181
"Apristurus manis",0.82051282051282,1.49733513230097
"Rhinochimaera atlantica",0.820493642483171,0.219791652363466
"Narcine maculata",0.811059907834101,0.393651161775591
"Iago omanensis",0.807017543859649,0.12128318334208
"Dasyatis pastinaca",0.801619433198381,0.173588577164264
"Okamejei jensenae",0.8,2.72659924344291
"Urolophus javanicus",0.8,2.72659924344291
"Halaelurus buergeri",0.79520697167756,0.387229447336446
"Galeus schultzi",0.794117647058823,0.897084392260021
"Holohalaelurus punctatus",0.787234042553192,1.11749450129662
"Narcine brevilabiata",0.777448071216617,0.397397444494045
"Leucoraja erinacea",0.773413897280967,0.48452670864456
"Rhinobatos hynnicephalus",0.766871165644172,0.671910777784019
"Orectolobus japonicus",0.763057324840764,0.303242665781931
"Rhinobatos irvinei",0.760869565217391,0.612585254043185
"Benthobatis marcida",0.760869565217391,0.824768381129705
"Taeniura grabata",0.748910200523104,0.130611446517718
"Dipturus laevis",0.744,0.425950577532841
"Pastinachus sephen",0.739762219286658,0.0676975882682349
"Hemitriakis leucoperiptera",0.733812949640288,0.424448730530589
"Tetronarce nobiliana",0.729988052568698,0.14826210256652
"Bythaelurus lutarius",0.727272727272727,1.67478613262487
"Rhinobatos albomaculatus",0.72463768115942,0.886000922346597
"Potamotrygon orbignyi",0.714285714285714,2.15365246126974
"Cruriraja parcomaculata",0.709302325581395,0.699141047128027
"Halaelurus lineatus",0.694915254237288,0.935970040410225
"Fenestraja cubensis",0.694444444444444,0.936388697865614
"Holohalaelurus favus",0.69047619047619,1.13734239440863
"Leucoraja naevus",0.689991142604074,0.246794698153914
"Okamejei boesemani",0.689655172413793,0.34026746517644
"Eridacnis barbouri",0.683333333333333,0.920370539736721
"Squatina squatina",0.676614215952252,0.155863410044371
"Scyliorhinus torrei",0.663934426229508,0.705733959412545
"Leucoraja circularis",0.663241106719368,0.240955153304319
"Torpedo marmorata",0.655751469353484,0.159529806884971
"Narcine prodorsalis",0.655737704918033,0.494280892750432
"Dasyatis margaritella",0.653136531365314,0.351263917208463
"Apristurus laurussonii",0.641777777777778,0.225857581979382
"Anacanthobatis longirostris",0.6171875,0.621190648014404
"Mustelus asterias",0.617088607594937,0.144038354147505
"Oxynotus paradoxus",0.612303290414878,0.248273242831266
"Scyliorhinus cervigoni",0.60613810741688,0.261262348291154
"Dipturus campbelli",0.605263157894737,1.11303311758329
"Himantura polylepis",0.586206896551724,1.30181092437461
"Cruriraja atlantis",0.576923076923077,1.38027031262553
"Chaenogaleus macrostoma",0.573085846867749,0.173492769872557
"Neoraja iberica",0.571428571428571,0.63066223251148
"Scymnodon ringens",0.564039408866995,0.352342775720662
"Squalus mahia",0.555555555555556,0.641500299099584
"Breviraja colesi",0.54014598540146,0.583388368760365
"Dipturus oxyrinchus",0.536789297658863,0.205557108412229
"Raja microocellata",0.523809523809524,0.391025734087186
"Holohalaelurus grennian",0.51219512195122,0.697224768531275
"Centrophorus isodon",0.508196721311475,0.952052235689087
"Gymnura zonura",0.505454545454545,0.409895138471964
"Squalus hawaiiensis",0.5,5
"Cirrhoscyllium formosanum",0.5,2.85744346662942
"Eridacnis sinuans",0.490566037735849,0.544339862111465
"Rhinobatos austini",0.486486486486486,1.04357545855505
"Rhinobatos holcorhynchus",0.485981308411215,0.555372456154303
"Galeus polli",0.485887096774194,0.202820997598938
"Bathyraja hesperafricana",0.475609756097561,0.250135915078891
"Zanobatus schoenleinii",0.470886075949367,0.254490836133045
"Heteronarce garmani",0.470588235294118,0.841636658805741
"Himantura randalli",0.470588235294118,0.647625744191977
"Deania profundorum",0.468371467025572,0.196468824780806
"Rajella barnardi",0.468041237113402,0.22861451211388
"Indobatis ori",0.466666666666667,1.95459113041402
"Rajella dissimilis",0.460916442048518,0.249154081291322
"Rhynchobatus laevis",0.441489361702128,0.32124642081571
"Raja brachyura",0.439922480620155,0.182932812763092
"Eridacnis radcliffei",0.435483870967742,0.26219857912036
"Leucoraja ocellata",0.432325886990802,0.226676629361551
"Apristurus profundorum",0.429333333333333,0.30533159836597
"Cephaloscyllium sufflans",0.421768707482993,0.419013349708568
"Torpedo mackayana",0.420168067226891,0.513731627242985
"Raja straeleni",0.417085427135678,0.247986438518087
"Torpedo bauchotae",0.416666666666667,0.509450530349293
"Anacanthobatis marmorata",0.416666666666667,1.25629726907401
"Paragaleus pectoralis",0.410652920962199,0.18741900545113
"Okamejei powelli",0.41,0.371863991645908
"Rajella leoparda",0.409669211195929,0.239614103573313
"Raja maderensis",0.40625,1.14583333333333
"Carcharhinus humani",0.403508771929825,0.489592477186296
"Squatina formosa",0.4,1.20604537831105
"Malacoraja senta",0.388387096774194,0.19794718994002
"Bathyraja pallida",0.384615384615385,1.68494548890454
"Cephaloscyllium fasciatum",0.384615384615385,0.595718190567042
"Dasyatis bennettii",0.380530973451327,0.522488142470738
"Dipturus doutrei",0.372750642673522,0.217318162102724
"Centroscyllium ornatum",0.370967741935484,0.755301983030321
"Dipturus lanceorostratus",0.365853658536585,0.875293368982041
"Rajella kukujevi",0.351528384279476,0.261300190262245
"Apristurus microps",0.351145038167939,0.536165585386908
"Scymnodon macracanthus",0.350553505535055,0.293778478260531
"Paragaleus leucolomatus",0.341463414634146,0.85057338541409
"Bathyraja richardsoni",0.336026936026936,0.136200310900358
"Himantura oxyrhyncha",0.333333333333333,3.33333333333333
"Rhynchobatus immaculatus",0.333333333333333,1.64121987972444
"Squalus raoulensis",0.333333333333333,2.34508823560483
"Narcine rierai",0.329268292682927,0.544141516266431
"Gollum attenuatus",0.325088339222615,0.32033282010454
"Raja chinensis",0.313953488372093,0.399910124237081
"Etmopterus polli",0.31025641025641,0.239801373078512
"Bythaelurus tenuicephalus",0.307692307692308,1.51497219666871
"Squatina tergocellatoides",0.304347826086957,0.72229162018615
"Raja undulata",0.2997002997003,0.138396505926346
"Etmopterus compagnoi",0.296296296296296,0.366820079064879
"Neoharriotta pinnata",0.295238095238095,0.275409635606416
"Leucoraja leucosticta",0.292181069958848,0.299935391670103
"Dasyatis margarita",0.286290322580645,0.293888307160625
"Brochiraja albilabiata",0.285714285714286,1.13658693607591
"Etmopterus princeps",0.283643892339545,0.110714679361204
"Mustelus mustelus",0.282312925170068,0.111932182209796
"Aetomylaeus bovinus",0.281373844121532,0.0922794594662314
"Rostroraja alba",0.281014393420151,0.108261885724321
"Galeus murinus",0.280667320902846,0.165639370640133
"Glaucostegus granulatus",0.278772378516624,0.246801362411724
"Torpedo torpedo",0.278026905829596,0.141160127950924
"Etmopterus sentosus",0.272727272727273,0.308696676603229
"Pristiophorus nancyae",0.270833333333333,0.704161810395065
"Somniosus rostratus",0.269005847953216,0.156498222747903
"Galeus atlanticus",0.260869565217391,1.03775328946062
"Heterodontus ramalheira",0.25615763546798,0.300990193428955
"Bythaelurus dawsoni",0.255079006772009,0.202042461732093
"Bathyraja shuntovi",0.249466950959488,0.191801909209877
"Torpedo fuscomaculata",0.246323529411765,0.2397762255123
"Rajella bigelowi",0.243816254416961,0.101323030236073
"Glyphis gangeticus",0.242857142857143,0.248636309096171
"Dipturus innominatus",0.239782016348774,0.194724174360283
"Aetomylaeus asperrimus",0.238095238095238,1.04306149313138
"Bathyraja pacifica",0.238095238095238,1.04306149313138
"Myliobatis aquila",0.237032905744562,0.0866111496371804
"Leptocharias smithii",0.235576923076923,0.103017866824725
"Rhinobatos rhinobatos",0.235008103727715,0.169868116551459
"Halaelurus natalensis",0.234375,0.56073481450412
"Acroteriobatus leucospilus",0.23125,0.303272866933694
"Typhlonarke aysoni",0.224274406332454,0.203257756758394
"Heteronarce bentuviai",0.222222222222222,1.56339215706989
"Mustelus lenticulatus",0.221153846153846,0.192307692307692
"Rhinoptera marginata",0.218461538461538,0.160954656009128
"Cephaloscyllium isabellum",0.218446601941748,0.205548523278643
"Brochiraja asperula",0.217712177121771,0.17859261079478
"Brochiraja leviveneta",0.216058394160584,0.151740855531897
"Zearaja nasuta",0.213362068965517,0.163517316263889
"Apristurus exsanguis",0.211612903225806,0.140296829507958
"Brochiraja spinifera",0.20746887966805,0.253668313866868
"Brochiraja microspinifera",0.206349206349206,0.582010582010582
"Miroscyllium sheikoi",0.2,2
"Pliotrema warreni",0.197674418604651,0.438982753568182
"Gymnura natalensis",0.195652173913043,0.625268459271003
"Arhynchobatis asperrimus",0.194174757281553,0.41398197350604
"Glaucostegus cemiculus",0.193548387096774,0.164416590233947
"Squatina africana",0.191904047976012,0.0978378431140634
"Okamejei heemstrai",0.191489361702128,0.611964875031194
"Carcharhinus leiodon",0.19047619047619,0.262134229791991
"Parmaturus macmillani",0.189873417721519,0.550878658087651
"Acroteriobatus ocellatus",0.185185185185185,0.558354341810673
"Scymnodalatias garricki",0.185185185185185,0.811270050213297
"Squatina aculeata",0.184365781710914,0.119281363592407
"Dipturus stenorhynchus",0.181818181818182,1.27913903760263
"Notoraja alisae",0.180487804878049,0.282954013187193
"Squatina oculata",0.180238870792617,0.109364437741305
"Etmopterus sculptus",0.179347826086957,0.268202724266844
"Apristurus aphyodes",0.175054704595186,0.186608942105567
"Cirrhoscyllium expolitum",0.175,0.641080999940607
"Dipturus johannisdavisi",0.175,0.641080999940607
"Chiloscyllium arabicum",0.173913043478261,0.239339948940513
"Squalus bassi",0.173228346456693,0.327821417238761
"Aetomylaeus milvus",0.15748031496063,0.216725150615425
"Malacoraja kreffti",0.156976744186047,0.28452454190379
"Rajella bathyphila",0.155863073561544,0.116670999255597
"Dipturus springeri",0.155378486055777,0.218546538812685
"Malacoraja spinacidermis",0.152683295540438,0.108491336718634
"Carcharhinus dussumieri",0.130293159609121,0.179310059466834
"Mustelus punctulatus",0.126746506986028,0.0928603740521384
"Hemiscyllium strahani",0.117647058823529,0.827678200801704
"Urolophus deforgesi",0.107142857142857,0.612309314277733
"Neoraja caerulea",0.106481481481481,0.20657224228633
"Leucoraja wallacei",0.102189781021898,0.254551159138523
"Urolophus papilio",0.0967741935483871,0.55305357418634
"Raja miraletus",0.0944350758853288,0.115746263529927
"Brochiraja vittacauda",0.09375,0.535770649993016
"Sinobatis brevicauda",0.0909090909090909,0.909090909090909
"Raja asterias",0.0831024930747923,0.107825338526527
"Raja radula",0.0822122571001495,0.107022306932198
"Raja polystigma",0.0745614035087719,0.129344846997362
"Dasyatis navarrae",0.0656934306569343,0.209944154207782
"Bathyraja maccaini",0.0590405904059041,0.135960497851465
"Parmaturus albipenis",0.0555555555555556,0.390848039267471
"Mustelus palumbes",0.037037037037037,0.162254010042659
"Apristurus investigatoris",0.0344827586206897,0.344827586206897
"Paragaleus randalli",0.03125,0.178590216664339
"Urolophus neocaledoniensis",0.0263157894736842,0.263157894736842
"Parmaturus albimarginatus",0.025,0.25
"Squalus margaretsmithae",0.023121387283237,0.113841841368169
"Rajella ravidula",0.0155038759689922,0.10907387142348
"Bythaelurus hispidus",0.0128205128205128,0.128205128205128
"Acroteriobatus annulatus",0,0
"Acroteriobatus blochii",0,0
"Acroteriobatus omanensis",0,0
"Acroteriobatus salalah",0,0
"Acroteriobatus variegatus",0,0
"Acroteriobatus zanzibarens",0,0
"Aculeola nigra",0,0
"Apristurus breviventralis",0,0
"Apristurus indicus",0,0
"Apristurus nakayai",0,0
"Apristurus saldanha",0,0
"Apristurus stenseni",0,0
"Apristurus yangi",0,0
"Aulohalaelurus kanakorum",0,0
"Bathyraja leucomelanos",0,0
"Bathyraja peruana",0,0
"Bathyraja schroederi",0,0
"Bathyraja smithii",0,0
"Bathyraja tunae",0,0
"Benthobatis moresbyi",0,0
"Benthobatis yangi",0,0
"Bythaelurus alcockii",0,0
"Bythaelurus bachi",0,0
"Bythaelurus canescens",0,0
"Bythaelurus giddingsi",0,0
"Bythaelurus immaculatus",0,0
"Bythaelurus naylori",0,0
"Centrophorus seychellorum",0,0
"Centroscyllium excelsum",0,0
"Centroscyllium granulatum",0,0
"Cephaloscyllium silasi",0,0
"Cephaloscyllium stevensi",0,0
"Chlamydoselachus africana",0,0
"Cruriraja andamanica",0,0
"Cruriraja durbanensis",0,0
"Cruriraja hulleyi",0,0
"Ctenacis fehlmanni",0,0
"Dasyatis chrysonota",0,0
"Zearaja chilensis",0,0
"Dipturus crosnieri",0,0
"Dipturus pullopunctatus",0,0
"Electrolux addisoni",0,0
"Etmopterus decacuspidatus",0,0
"Etmopterus lailae",0,0
"Etmopterus litvinovi",0,0
"Etmopterus pycnolepis",0,0
"Etmopterus samadiae",0,0
"Fenestraja maceachrani",0,0
"Fenestraja mamillidens",0,0
"Himantura kittipongi",0,0
"Galeus corriganae",0,0
"Gurgesiella furvescens",0,0
"Gymnura tentaculata",0,0
"Halaelurus boesemani",0,0
"Halaelurus quagga",0,0
"Haploblepharus edwardsii",0,0
"Haploblepharus fuscus",0,0
"Haploblepharus kistnasamyi",0,0
"Haploblepharus pictus",0,0
"Hemiscyllium michaeli",0,0
"Dasyatis laosensis",0,0
"Dasyatis sinensis",0,0
"Heterodontus omanensis",0,0
"Heterodontus quoyi",0,0
"Heteronarce mollis",0,0
"Heteronarce prabhui",0,0
"Heteroscymnoides marleyi",0,0
"Holohalaelurus melanostigma",0,0
"Holohalaelurus regani",0,0
"Dasyatis rudis",0,0
"Leucoraja compagnoi",0,0
"Leucoraja melitensis",0,0
"Maculabatis arabica",0,0
"Mollisquama parini",0,0
"Mustelus mento",0,0
"Mustelus whitneyi",0,0
"Myliobatis chilensis",0,0
"Myliobatis peruvianus",0,0
"Narcine atzi",0,0
"Narcine insolita",0,0
"Narcine oculifera",0,0
"Narke capensis",0,0
"Neoharriotta pumila",0,0
"Neoraja stehmanni",0,0
"Neotrygon kuhlii",0,0
"Notoraja fijiensis",0,0
"Notoraja inusitata",0,0
"Notoraja lira",0,0
"Notoraja longiventralis",0,0
"Notoraja sereti",0,0
"Okamejei ornata",0,0
"Okamejei philipi",0,0
"Paratrygon aiereba",0,0
"Parmaturus nigripalatum",0,0
"Pentanchus profundicolus",0,0
"Planonasus indicus",0,0
"Planonasus parini",0,0
"Pliotrema annae",0,0
"Poroderma africanum",0,0
"Poroderma pantherinum",0,0
"Potamotrygon marinae",0,0
"Pristiophorus lanae",0,0
"Psammobatis scobina",0,0
"Pseudoginglymostoma brevicaudatum",0,0
"Raja herwigi",0,0
"Okamejei pita",0,0
"Rajella caudaspinosa",0,0
"Rajella eisenhardti",0,0
"Rajella nigerrima",0,0
"Rhinobatos annandalei",0,0
"Rhinobatos nudidorsalis",0,0
"Raja bahamensis",0,0
"Schroederichthys chilensis",0,0
"Scyliorhinus capensis",0,0
"Scyliorhinus comoroensis",0,0
"Scylliogaleus quecketti",0,0
"Scymnodalatias oligodon",0,0
"Sinobatis andamanensis",0,0
"Squalus lalannei",0,0
"Squalus melanurus",0,0
"Squalus rancureli",0,0
"Sympterygia brevicaudata",0,0
"Sympterygia lima",0,0
"Taeniura lessoni",0,0
"Tetronarce cowleyi",0,0
"Torpedo adenensis",0,0
"Triakis maculata",0,0
"Triakis megalopterus",0,0
"Himantura dalyensis",0,0
"Urolophus armatus",0,0
"Urotrygon reticulata",0,0
"Urotrygon simulatrix",0,0
