"species","actual_percentage","mean_percentage","difference","z_score","protection_gap","representation_ratio"
"Urolophus lobatus",0,24.5,-24.5,-1.06416129265678,24.5,0
"Apristurus bucephalus",0,23.6666666666667,-23.6666666666667,-1.24707073416765,23.6666666666667,0
"Asymbolus funebris",0,23.5,-23.5,-1.4016013968658,23.5,0
"Neotrygon ningalooensis",0,23,-23,-1.09913460768604,23,0
"Notoraja ochroderma",0,22.9,-22.9,-1.65045248006422,22.9,0
"Pavoraja umbrosa",0,22.462962962963,-22.462962962963,-4.30135724878873,22.462962962963,0
"Notoraja sticta",0,22.3333333333333,-22.3333333333333,-4.01384710957079,22.3333333333333,0
"Sinobatis caerulea",0,22.225,-22.225,-3.58791861293104,22.225,0
"Urolophus mitosis",0,22,-22,-1.26380378223837,22,0
"Trygonoptera ovalis",0,21.75,-21.75,-3.41852461052236,21.75,0
"Urolophus orarius",0,21.7407407407407,-21.7407407407407,-2.76773480157018,21.7407407407407,0
"Parmaturus bigus",0,21.5,-21.5,-1.47752391624532,21.5,0
"Mustelus stevensi",0.806451612903226,22.2983870967742,-21.491935483871,-6.08528492027246,21.491935483871,0.0361663652802893
"Urolophus westraliensis",0,21.3376623376623,-21.3376623376623,-4.65650351286398,21.3376623376623,0
"Brachaelurus waddi",0,21.3061224489796,-21.3061224489796,-3.83771555902022,21.3061224489796,0
"Urolophus kapalensis",0,21.2857142857143,-21.2857142857143,-2.50629330777799,21.2857142857143,0
"Trygonoptera imitata",0,21.25,-21.25,-4.46959041338208,21.25,0
"Heterodontus galeatus",0,21.1803278688525,-21.1803278688525,-4.19434431965769,21.1803278688525,0
"Asymbolus analis",0,21.1139240506329,-21.1139240506329,-4.88602747199393,21.1139240506329,0
"Urolophus sufflavus",0,20.8863636363636,-20.8863636363636,-4.01998186069348,20.8863636363636,0
"Cephaloscyllium hiscosellum",1.66666666666667,22.5166666666667,-20.85,-5.40680951433683,20.85,0.074019245003701
"Trygonorrhina fasciata",0,20.8181818181818,-20.8181818181818,-4.53882287593046,20.8181818181818,0
"Cephaloscyllium speccum",1.28205128205128,22,-20.7179487179487,-4.88490948663419,20.7179487179487,0.0582750582750582
"Dipturus australis",0,20.7096774193548,-20.7096774193548,-4.19960542011357,20.7096774193548,0
"Dipturus grahami",0,20.6326530612245,-20.6326530612245,-5.32926033757036,20.6326530612245,0
"Squatina pseudocellata",1.15606936416185,21.7167630057803,-20.5606936416184,-6.75814261902635,20.5606936416184,0.0532339632685655
"Dasyatis parvonigra",2.63157894736842,23.1052631578947,-20.4736842105263,-2.95733956758413,20.4736842105263,0.113895216400911
"Parascyllium collare",0,20.4133333333333,-20.4133333333333,-4.68462884908033,20.4133333333333,0
"Orectolobus floridus",3.125,23.4375,-20.3125,-2.59111644473508,20.3125,0.133333333333333
"Dipturus canutus",2.52100840336134,22.6806722689076,-20.1596638655463,-8.1633295222165,20.1596638655463,0.111152278621711
"Leucoraja pristispina",1.21951219512195,21.2987804878049,-20.079268292683,-6.41278452377594,20.079268292683,0.0572573718866303
"Dipturus acrobelus",2.63157894736842,22.6466165413534,-20.015037593985,-8.61808698657694,20.015037593985,0.116201859229748
"Glyphis garricki",0.740740740740741,20.7555555555556,-20.0148148148149,-5.75018525439346,20.0148148148149,0.0356887937187722
"Urolophus cruciatus",1.44927536231884,21.463768115942,-20.0144927536232,-4.12171570906619,20.0144927536232,0.0675219446320055
"Orectolobus parvimaculatus",3.125,22.9375,-19.8125,-2.54074716286573,19.8125,0.136239782016349
"Aptychotrema timorensis",0,19.8,-19.8,-1.15297823755533,19.8,0
"Pavoraja nitida",2.10526315789474,21.8210526315789,-19.7157894736842,-8.26899048946383,19.7157894736842,0.0964785335262907
"Cephaloscyllium albipinnum",3.01724137931034,22.6939655172414,-19.6767241379311,-7.85844088656916,19.6767241379311,0.132953466286799
"Dipturus endeavouri",0,19.6190476190476,-19.6190476190476,-3.65112046203247,19.6190476190476,0
"Urolophus paucimaculatus",1.93236714975845,21.5507246376812,-19.6183574879228,-6.85762705622288,19.6183574879228,0.08966599417171
"Asymbolus parvus",2.08333333333333,21.6927083333333,-19.609375,-7.33442964173912,19.609375,0.0960384153661464
"Squalus chloroculus",3.11111111111111,22.5911111111111,-19.48,-7.40743581955149,19.48,0.137713948455636
"Rajella challengeri",3.125,22.5885416666667,-19.4635416666667,-6.62782349630305,19.4635416666667,0.138344477749596
"Halaelurus sellus",1.57068062827225,21.0157068062827,-19.4450261780105,-7.05704040157618,19.4450261780105,0.0747384155455905
"Etmopterus fusus",3.125,22.484375,-19.359375,-3.52687949041586,19.359375,0.138985406532314
"Trygonoptera testacea",0,19.325,-19.325,-3.61882213987036,19.325,0
"Urolophus viridis",2.02020202020202,21.3080808080808,-19.2878787878788,-7.77688309386025,19.2878787878788,0.0948091964920598
"Dipturus flindersi",0,19.2727272727273,-19.2727272727273,-1.70778469922873,19.2727272727273,0
"Narcine tasmaniensis",2.5089605734767,21.7670250896057,-19.258064516129,-7.34497542979445,19.258064516129,0.11526428453812
"Orectolobus reticulatus",0,19.25,-19.25,-3.09788796944703,19.25,0
"Atelomycterus fasciatus",1.58730158730159,20.8253968253968,-19.2380952380952,-3.69602708553774,19.2380952380952,0.0762195121951222
"Pristiophorus nudipinnis",2.51046025104602,21.7280334728033,-19.2175732217573,-7.15763893431051,19.2175732217573,0.115540150202195
"Okamejei leptoura",1.79640718562874,21.0119760479042,-19.2155688622755,-6.34010457787401,19.2155688622755,0.0854944428612139
"Dipturus oculus",3.57142857142857,22.7857142857143,-19.2142857142857,-3.00154836481182,19.2142857142857,0.156739811912226
"Hemitriakis falcata",2.24719101123596,21.3483146067416,-19.1011235955056,-4.26619053482019,19.1011235955056,0.105263157894737
"Parascyllium sparsimaculatum",5,24.05,-19.05,-1.98318963645201,19.05,0.207900207900208
"Pavoraja alleni",2.32558139534884,21.3178294573643,-18.9922480620155,-5.56765895965976,18.9922480620155,0.109090909090909
"Cephaloscyllium laticeps",2.86624203821656,21.8152866242038,-18.9490445859872,-8.24236417323205,18.9490445859872,0.131386861313869
"Dipturus confusus",2.5974025974026,21.512987012987,-18.9155844155844,-6.2840942655114,18.9155844155844,0.12073649260489
"Centrophorus westraliensis",1.96078431372549,20.7450980392157,-18.7843137254902,-4.44015978065546,18.7843137254902,0.0945179584120982
"Dentiraja lemprieri",3.05343511450382,21.587786259542,-18.5343511450382,-5.90782149345966,18.5343511450382,0.141442715700141
"Narcine lasti",1.18577075098814,19.6916996047431,-18.505928853755,-8.10116856551668,18.505928853755,0.0602167804094739
"Irolita westraliensis",2.35294117647059,20.7058823529412,-18.3529411764706,-4.59716159568512,18.3529411764706,0.113636363636364
"Parascyllium elongatum",4.34782608695652,22.695652173913,-18.3478260869565,-2.19729541280197,18.3478260869565,0.191570881226054
"Orectolobus hutchinsi",4.3956043956044,22.7362637362637,-18.3406593406593,-4.2519043533383,18.3406593406593,0.193330111164814
"Neotrygon leylandi",2.4390243902439,20.719512195122,-18.2804878048781,-4.08206789528423,18.2804878048781,0.117716303708063
"Rhinobatos sainsburyi",0.947867298578199,19.0805687203791,-18.1327014218009,-7.30564309294249,18.1327014218009,0.0496770988574268
"Orectolobus halei",3.75335120643432,21.8418230563003,-18.088471849866,-8.74358865687601,18.088471849866,0.171842395973978
"Hypnos monopterygius",3.44086021505376,21.2559139784946,-17.8150537634408,-9.91312513739158,17.8150537634408,0.161877782274383
"Notoraja azurea",5,22.7447368421053,-17.7447368421053,-9.53555083838772,17.7447368421053,0.219831077172278
"Figaro boardmani",4.41458733205374,22.1324376199616,-17.7178502879079,-10.1197907876808,17.7178502879079,0.199462318966265
"Mustelus antarcticus",4.35967302452316,22.0463215258856,-17.6866485013624,-8.62110676785684,17.6866485013624,0.197750587072055
"Trygonoptera galba",4.54545454545455,22.2272727272727,-17.6818181818182,-2.66588982272242,17.6818181818182,0.204498977505113
"Sinobatis bulbicauda",1.11111111111111,18.7777777777778,-17.6666666666667,-7.01567145879132,17.6666666666667,0.059171597633136
"Atelomycterus macleayi",0.99009900990099,18.6534653465347,-17.6633663366337,-6.65258987089512,17.6633663366337,0.0530785562632695
"Pristiophorus cirratus",4.35967302452316,22.0136239782016,-17.6539509536784,-8.26437314071904,17.6539509536784,0.198044312414903
"Notoraja hirticauda",3.57142857142857,21.1785714285714,-17.6071428571428,-3.65101723823065,17.6071428571428,0.168634064080945
"Squalus edmundsi",1.25,18.8125,-17.5625,-5.90876707620764,17.5625,0.0664451827242525
"Dipturus cerva",4.36363636363636,21.8763636363636,-17.5127272727272,-7.60187538057312,17.5127272727272,0.199468085106383
"Urolophus gigas",2.85714285714286,20.3571428571429,-17.5,-3.84908366058443,17.5,0.140350877192982
"Asymbolus vincenti",4.54545454545455,22.0424242424242,-17.4969696969696,-8.81537873451726,17.4969696969696,0.206213912565302
"Squatina australis",4.61095100864553,22.0691642651297,-17.4582132564842,-8.19926137157205,17.4582132564842,0.208931835988508
"Dipturus gudgeri",5.23560209424084,22.6361256544503,-17.4005235602095,-8.9009824006553,17.4005235602095,0.231294090435989
"Heterodontus portusjacksoni",4.03508771929825,21.280701754386,-17.2456140350878,-10.7247644973728,17.2456140350878,0.189612530915086
"Asymbolus rubiginosus",3.87096774193548,21.0516129032258,-17.1806451612903,-5.58681263564451,17.1806451612903,0.183879865154765
"Narcine westraliensis",3.125,20.296875,-17.171875,-4.08945379708519,17.171875,0.153964588144727
"Spiniraja whitleyi",4.73186119873817,21.8895899053628,-17.1577287066246,-8.46225585003962,17.1577287066246,0.216169476869866
"Dipturus healdi",6.02409638554217,23.1686746987952,-17.144578313253,-3.48593025676761,17.144578313253,0.260010400416016
"Aptychotrema vincentiana",4.85436893203883,21.9773462783172,-17.1229773462784,-8.12889115824947,17.1229773462784,0.220880577234574
"Parascyllium ferrugineum",4.9645390070922,21.9255319148936,-16.9609929078014,-7.21552371959425,16.9609929078014,0.226427300663109
"Furgaleus macki",4.9079754601227,21.8558282208589,-16.9478527607362,-7.54206358803536,16.9478527607362,0.224561403508772
"Trygonorrhina dumerilii",5.26315789473684,22.1929824561403,-16.9298245614035,-8.47110943944975,16.9298245614035,0.237154150197629
"Trygonoptera mucosa",4.08163265306122,20.9591836734694,-16.8775510204082,-3.47189857070261,16.8775510204082,0.194741966893865
"Parascyllium variolatum",5.18518518518519,21.937037037037,-16.7518518518518,-6.84884677789178,16.7518518518518,0.236366706061118
"Urolophus circularis",4.76190476190476,21.4761904761905,-16.7142857142857,-2.03339179515821,16.7142857142857,0.221729490022173
"Cephaloscyllium cooki",0,16.6262626262626,-16.6262626262626,-4.13220113207485,16.6262626262626,0
"Pavoraja arenaria",6.09137055837564,22.6446700507614,-16.5532994923858,-5.85808383233533,16.5532994923858,0.268997982515132
"Neotrygon annotata",1.87793427230047,18.3427230046948,-16.4647887323943,-6.55643314736236,16.4647887323943,0.102380342974149
"Galeus gracilis",3.57142857142857,19.5928571428571,-16.0214285714285,-4.73396463289086,16.0214285714285,0.1822821728035
"Narcine ornata",1.78571428571429,17.8005952380952,-16.0148809523809,-7.68683386879433,16.0148809523809,0.100317672629995
"Aulohalaelurus labiosus",6.84931506849315,22.8630136986301,-16.013698630137,-3.35855060702402,16.013698630137,0.299580587177951
"Orectolobus wardi",2.59259259259259,18.4814814814815,-15.8888888888889,-7.06043076777467,15.8888888888889,0.140280561122244
"Urolophus bucculentus",6.53846153846154,22.2884615384615,-15.75,-6.59342225413149,15.75,0.293356341673857
"Sutorectus tentaculatus",7.26256983240224,22.4748603351955,-15.2122905027933,-5.00556288636279,15.2122905027933,0.32314193388019
"Squatina tergocellata",7.59493670886076,22.6962025316456,-15.1012658227848,-4.85810881440252,15.1012658227848,0.334634690462911
"Irolita waitii",7.79220779220779,22.6623376623377,-14.8701298701299,-4.92430275165038,14.8701298701299,0.343839541547277
"Orectolobus maculatus",7.47422680412371,21.8737113402062,-14.3994845360825,-6.94911812488949,14.3994845360825,0.341699069164604
"Mustelus ravidus",2.76679841897233,17.1225296442688,-14.3557312252965,-6.28342508646597,14.3557312252965,0.161588180978762
"Urolophus expansus",8.54700854700855,22.8034188034188,-14.2564102564103,-4.46475194812814,14.2564102564103,0.374812593703149
"Etmopterus evansi",4.19161676646707,18.3952095808383,-14.2035928143712,-5.12322252639148,14.2035928143712,0.227864583333334
"Torpedo suessii",0,14,-14,-0.401450857139046,14,0
"Dipturus melanospilus",8.51063829787234,22.3049645390071,-13.7943262411348,-4.84608355146103,13.7943262411348,0.381558028616852
"Asymbolus occiduus",8.98203592814371,22.5868263473054,-13.6047904191617,-4.81072636740189,13.6047904191617,0.397667020148462
"Squalus megalops",6.57276995305164,20.1666666666667,-13.5938967136151,-7.07846713297077,13.5938967136151,0.325922477010825
"Apristurus australis",9.20502092050209,22.5690376569038,-13.3640167364017,-7.54605162076568,13.3640167364017,0.407860585836114
"Dipturus falloargus",2.82485875706215,15.8870056497175,-13.0621468926553,-4.63943421801998,13.0621468926553,0.177809388335705
"Centroscyllium kamoharai",3.58126721763085,16.137741046832,-12.5564738292012,-6.84138611255438,12.5564738292012,0.221918743598497
"Trygonoptera personata",7.14285714285714,19.2142857142857,-12.0714285714286,-1.19685552345703,12.0714285714286,0.371747211895911
"Carcharhinus tilstoni",7.94701986754967,19.9718543046358,-12.0248344370861,-7.68729587046706,12.0248344370861,0.397910967421039
"Cephaloscyllium variegatum",10.5555555555556,22.5166666666667,-11.9611111111111,-4.10831950200696,11.9611111111111,0.468788551690107
"Asymbolus submaculatus",10.6382978723404,22.5531914893617,-11.9148936170213,-3.28044465853524,11.9148936170213,0.471698113207546
"Rhizoprionodon taylori",7.47126436781609,19.3376436781609,-11.8663793103448,-9.35378386710815,11.8663793103448,0.38635857047329
"Squalus albifrons",10.6145251396648,22.3519553072626,-11.7374301675978,-4.16680239059466,11.7374301675978,0.474881279680079
"Carcharhinus fitzroyensis",7.76173285198556,19.4801444043321,-11.7184115523465,-8.00129445319354,11.7184115523465,0.398443291326909
"Insentiraja subtilispinosa",2.34375,13.94140625,-11.59765625,-5.59537149530016,11.59765625,0.168114317736061
"Dipturus wengi",10.8474576271186,22.4067796610169,-11.5593220338983,-5.57865893590156,11.5593220338983,0.48411497730711
"Rhynchobatus palpebratus",5.18962075848303,16.4431137724551,-11.2534930139721,-7.02229775827353,11.2534930139721,0.315610585093469
"Squatina albipunctata",11.2540192926045,22.3987138263666,-11.1446945337621,-5.89148247303079,11.1446945337621,0.502440424921044
"Hemigaleus australiensis",7.78816199376947,18.6853582554517,-10.8971962616822,-8.00062745232877,10.8971962616822,0.416805601867289
"Hemiscyllium trispeculare",7.5503355704698,18.2852348993289,-10.7348993288591,-7.97865856229062,10.7348993288591,0.412919801798494
"Deania quadrispinosa",0.767263427109974,11.304347826087,-10.537084398977,-6.81146595605223,10.537084398977,0.0678733031674205
"Hypogaleus hyugaensis",5.68807339449541,16.0697247706422,-10.3816513761468,-13.6855633621367,10.3816513761468,0.353962091801781
"Carcharhinus coatesi",6.9672131147541,17.3265027322404,-10.3592896174863,-8.68900030451092,10.3592896174863,0.40211306473232
"Aetomylaeus caeruleofasciatus",7.84,17.9728,-10.1328,-7.29940493603694,10.1328,0.436214724472536
"Gymnura australis",6.10687022900763,16.1908396946565,-10.0839694656489,-7.04712421063343,10.0839694656489,0.377180575200377
"Squalus nasutus",1.30434782608696,11.2086956521739,-9.90434782608694,-4.62359700469291,9.90434782608694,0.116369278510474
"Myliobatis tenuicaudatus",2.55591054313099,12.2731629392971,-9.71725239616611,-8.008240969298,9.71725239616611,0.208251984901731
"Brochiraja aenigma",0,9.42857142857143,-9.42857142857143,-1.21029887613152,9.42857142857143,0
"Narcine leoparda",0,9.33333333333333,-9.33333333333333,-0.988840306205107,9.33333333333333,0
"Squalus montalbani",5.59440559440559,14.9104895104895,-9.31608391608391,-8.74648143513158,9.31608391608391,0.375199324641216
"Himantura astra",6.19883040935673,15.3929824561404,-9.19415204678367,-8.54536580674474,9.19415204678367,0.402704961629055
"Apristurus sinensis",1.71102661596958,10.7110266159696,-9.00000000000002,-6.04156961130407,9.00000000000002,0.159744408945686
"Centrophorus harrissoni",9.09090909090909,17.9090909090909,-8.81818181818181,-2.7335908510752,8.81818181818181,0.50761421319797
"Etmopterus unicolor",2.89655172413793,11.6537931034483,-8.75724137931037,-8.22357173255975,8.75724137931037,0.248550124275062
"Dasyatis brevicaudata",2.33100233100233,10.6876456876457,-8.35664335664337,-8.55683403591365,8.35664335664337,0.218102508178844
"Squalus crassispinus",0.420168067226891,8.66806722689076,-8.24789915966387,-4.75207427925363,8.24789915966387,0.0484730974309258
"Oxynotus bruniensis",1.36798905608755,9.34336525307797,-7.97537619699042,-8.75395749395476,7.97537619699042,0.146412884333821
"Apristurus pinguis",1.12866817155756,8.98871331828443,-7.86004514672687,-6.46168179479988,7.86004514672687,0.125565042692114
"Dasyatis fluviorum",6.41025641025641,14.1089743589744,-7.69871794871799,-3.07012262110167,7.69871794871799,0.454338936846886
"Eucrossorhinus dasypogon",5.21172638436482,12.85667752443,-7.64495114006518,-5.98108249291156,7.64495114006518,0.405371167975677
"Hemiscyllium ocellatum",5.11915269196823,12.6028243601059,-7.48367166813767,-8.59945867026378,7.48367166813767,0.406190909727573
"Urolophus piperatus",11.1111111111111,18.5555555555556,-7.4444444444445,-1.01663201797179,7.4444444444445,0.598802395209579
"Dipturus queenslandicus",16.1290322580645,23.5161290322581,-7.3870967741936,-0.974590645833975,7.3870967741936,0.685871056241425
"Urobatis tumbesensis",0,7.375,-7.375,-1.32296011417093,7.375,0
"Discopyge castelloi",0,7.37037037037037,-7.37037037037037,-1.40363777555861,7.37037037037037,0
"Rhinoptera neglecta",12.807881773399,20.1428571428571,-7.3349753694581,-2.70680276642146,7.3349753694581,0.635852286622647
"Himantura toshi",12.280701754386,19.5409356725146,-7.2602339181286,-3.38969628251668,7.2602339181286,0.628460272332787
"Iago garricki",2.11019929660023,9.19929660023447,-7.08909730363424,-8.73093181131401,7.08909730363424,0.229387026889256
"Zearaja argentinensis",0,6.94405594405594,-6.94405594405594,-3.65056484175268,6.94405594405594,0
"Apristurus platyrhynchus",6.23229461756374,13.0821529745042,-6.84985835694046,-4.28613881259777,6.84985835694046,0.476396708531834
"Diplobatis colombiensis",5.26315789473684,11.8947368421053,-6.63157894736846,-0.993486701053198,6.63157894736846,0.442477876106193
"Urolophus flavomosaicus",13.9705882352941,20.5735294117647,-6.6029411764706,-2.0090242624035,6.6029411764706,0.679056468906361
"Urotrygon aspidura",0,6.41176470588235,-6.41176470588235,-1.75496825895656,6.41176470588235,0
"Squalus grahami",15.8653846153846,22.2692307692308,-6.4038461538462,-2.58246071318731,6.4038461538462,0.71243523316062
"Notoraja martinezi",0,6.4,-6.4,-1.95959179422655,6.4,0
"Breviraja mouldi",0,6.31818181818182,-6.31818181818182,-1.34465257846159,6.31818181818182,0
"Psammobatis rudis",0,6.17701149425287,-6.17701149425287,-7.85887553801334,6.17701149425287,0
"Centroscymnus owstonii",1.40268848626534,7.42781998831093,-6.02513150204559,-10.3245559114841,6.02513150204559,0.188842552521835
"Okamejei arafurensis",2.58064516129032,8.48387096774194,-5.90322580645162,-2.97458812941082,5.90322580645162,0.304182509505703
"Aptychotrema rostrata",14.2011834319527,20.0769230769231,-5.8757396449704,-1.97584352433155,5.8757396449704,0.707338638373122
"Mustelus schmitti",0,5.81465517241379,-5.81465517241379,-7.49760066460728,5.81465517241379,0
"Squalus blainville",0,5.80645161290323,-5.80645161290323,-1.36560745491896,5.80645161290323,0
"Psammobatis bergi",0,5.79750778816199,-5.79750778816199,-5.33689434095548,5.79750778816199,0
"Sympterygia bonapartii",0,5.78585086042065,-5.78585086042065,-8.22116325559337,5.78585086042065,0
"Psammobatis normani",0,5.77197802197802,-5.77197802197802,-6.94132534075378,5.77197802197802,0
"Urotrygon munda",0,5.76,-5.76,-1.41423560761923,5.76,0
"Carcharhinus cautus",10.3351955307263,16.0837988826816,-5.7486033519553,-3.11100492775675,5.7486033519553,0.642584230635639
"Psammobatis extenta",0,5.71498771498772,-5.71498771498772,-6.78566857139869,5.71498771498772,0
"Rhinochimaera pacifica",1.01752402487281,6.7071791972866,-5.68965517241379,-9.83580848287666,5.68965517241379,0.151706700379267
"Centrophorus moluccensis",3.83973288814691,9.44073455759599,-5.60100166944908,-5.55842949854819,5.60100166944908,0.406719717064545
"Mustelus dorsalis",0,5.53571428571429,-5.53571428571429,-1.9786826893631,5.53571428571429,0
"Etmopterus brachyurus",1.7632241813602,7.22670025188917,-5.46347607052897,-4.89047092810749,5.46347607052897,0.243987452073893
"Atlantoraja platana",0,5.40437158469945,-5.40437158469945,-5.29568188011162,5.40437158469945,0
"Psammobatis lentiginosa",0,5.35922330097087,-5.35922330097087,-4.8323157004943,5.35922330097087,0
"Myliobatis ridens",0,5.25384615384615,-5.25384615384615,-2.6058458467613,5.25384615384615,0
"Bathyraja macloviana",0.410677618069815,5.61806981519507,-5.20739219712526,-7.59750886752803,5.20739219712526,0.0730994152046784
"Psammobatis rutrum",0,5.16666666666667,-5.16666666666667,-4.15671640186618,5.16666666666667,0
"Atlantoraja castelnaui",0,5.16613418530351,-5.16613418530351,-4.49680413971082,5.16613418530351,0
"Figaro striatus",17.3469387755102,22.5,-5.1530612244898,-1.22271796838022,5.1530612244898,0.770975056689342
"Zameus ichiharai",0,5.13333333333333,-5.13333333333333,-0.783122432263248,5.13333333333333,0
"Atlantoraja cyclophora",0,5.07777777777778,-5.07777777777778,-4.1536209124428,5.07777777777778,0
"Mustelus fasciatus",0,5.06132075471698,-5.06132075471698,-3.17358213393103,5.06132075471698,0
"Pastinachus atrus",4.22885572139304,9.2431592039801,-5.01430348258706,-8.58764445994982,5.01430348258706,0.457511942407321
"Myliobatis hamlyni",7.44186046511628,12.4511627906977,-5.00930232558142,-2.38681784080235,5.00930232558142,0.59768397459843
"Oxynotus japonicus",0,5,-5,-0.645633104218765,5,0
"Urobatis pardalis",0,5,-5,-0.228265773075805,5,0
"Atelomycterus marnkalha",14.873417721519,19.8639240506329,-4.9905063291139,-2.35755396720054,4.9905063291139,0.748765333758166
"Plesiobatis daviesi",4.52961672473868,9.50871080139373,-4.97909407665505,-4.3074304290632,4.97909407665505,0.47636496885306
"Bathyraja magellanica",0.53475935828877,5.4572192513369,-4.92245989304813,-5.43911797587911,4.92245989304813,0.0979911807937285
"Tetronarce puelcha",0.25062656641604,5.15789473684211,-4.90726817042607,-5.03967659269897,4.90726817042607,0.0485908649173955
"Discopyge tschudii",0.170940170940171,5.07008547008547,-4.8991452991453,-8.72406141089284,4.8991452991453,0.0337154416722859
"Rhinobatos prahli",0,4.87096774193548,-4.87096774193548,-1.38905734131508,4.87096774193548,0
"Narcine nelsoni",17.3333333333333,22.2,-4.8666666666667,-1.65034844023525,4.8666666666667,0.780780780780779
"Asymbolus pallidus",17.4757281553398,22.3155339805825,-4.8398058252427,-1.95114723261104,4.8398058252427,0.783119425712422
"Squatina guggenheim",0,4.78148148148148,-4.78148148148148,-3.78098701569864,4.78148148148148,0
"Etmopterus dislineatus",16.4444444444444,21.2177777777778,-4.7733333333334,-1.8158525666387,4.7733333333334,0.775031420192708
"Rhinobatos horkelii",0,4.76394849785408,-4.76394849785408,-3.53340398273678,4.76394849785408,0
"Apristurus fedorovi",0,4.75555555555556,-4.75555555555556,-1.60481764471906,4.75555555555556,0
"Rajella purpuriventralis",0,4.56,-4.56,-1.16967750684228,4.56,0
"Schroederichthys bivius",0.162074554294976,4.71799027552674,-4.55591572123176,-8.10174508593268,4.55591572123176,0.0343524562006184
"Leucoraja yucatanensis",0,4.53846153846154,-4.53846153846154,-0.828630684032414,4.53846153846154,0
"Bathyraja brachyurops",0.334448160535117,4.86120401337793,-4.52675585284281,-8.41487661012376,4.52675585284281,0.0687994496044031
"Cirrhoscyllium japonicum",0,4.52,-4.52,-1.80866756415589,4.52,0
"Apristurus ampliceps",1.37741046831956,5.84848484848485,-4.47107438016529,-3.80869591394728,4.47107438016529,0.23551577955723
"Rioraja agassizii",0.327868852459016,4.79016393442623,-4.46229508196721,-3.87733377428646,4.46229508196721,0.0684462696783024
"Zapteryx brevirostris",0,4.46062992125984,-4.46062992125984,-3.92694587232754,4.46062992125984,0
"Parmaturus angelae",0,4.42857142857143,-4.42857142857143,-0.913939460804601,4.42857142857143,0
"Amblyraja doellojuradoi",0.725952813067151,5.13430127041742,-4.40834845735027,-7.67888462486982,4.40834845735027,0.141392718275009
"Rhinoraja longicauda",0,4.3921568627451,-4.3921568627451,-1.57503495766239,4.3921568627451,0
"Sympterygia acuta",0,4.37037037037037,-4.37037037037037,-3.39229688855656,4.37037037037037,0
"Rhinoraja odai",0,4.33333333333333,-4.33333333333333,-1.10940489487798,4.33333333333333,0
"Insentiraja laxipella",15.7894736842105,20.1052631578947,-4.3157894736842,-0.475222698150627,4.3157894736842,0.785340314136126
"Bathyraja matsubarai",0,4.24,-4.24,-1.87501706692612,4.24,0
"Rhinochimaera africana",0.321543408360129,4.55787781350482,-4.23633440514469,-6.34619278644068,4.23633440514469,0.070546737213404
"Urotrygon cimar",0,4.1875,-4.1875,-0.859842754501547,4.1875,0
"Carcharhinus brachyurus",1.10565110565111,5.28624078624079,-4.18058968058968,-8.93699598143786,4.18058968058968,0.209156402509877
"Dactylobatus armatus",1.14942528735632,5.29885057471264,-4.14942528735632,-1.96602093668832,4.14942528735632,0.216919739696312
"Notoraja tobitukai",0,4.1078431372549,-4.1078431372549,-1.90807289181983,4.1078431372549,0
"Carcharias taurus",2.03991130820399,6.09356984478936,-4.05365853658537,-13.4899828863026,4.05365853658537,0.334764573175169
"Neotrygon picta",13.3956386292835,17.4361370716511,-4.0404984423676,-1.8292694429408,4.0404984423676,0.768268715383241
"Malacoraja obscura",0,4,-4,-0.713542470454883,4,0
"Potamotrygon brachyura",0,4,-4,-0.405148216977697,4,0
"Potamotrygon motoro",0,4,-4,-0.68883745645843,4,0
"Squalus bahiensis",0,4,-4,-0.203100960115899,4,0
"Breviraja spinosa",0,3.97916666666667,-3.97916666666667,-1.57178135056867,3.97916666666667,0
"Brochiraja heuresa",0,3.97435897435897,-3.97435897435897,-1.46547167269664,3.97435897435897,0
"Bathyraja meridionalis",0.842105263157895,4.78526315789474,-3.94315789473685,-5.4212560439323,3.94315789473685,0.175978882534096
"Bathyraja trachouros",0,3.8955223880597,-3.8955223880597,-1.86548784342256,3.8955223880597,0
"Apristurus melanoasper",1.55945419103314,5.43430799220273,-3.87485380116959,-10.4428147282769,3.87485380116959,0.286964631609154
"Dipturus trachyderma",0.753012048192771,4.60843373493976,-3.85542168674699,-8.37051288518949,3.85542168674699,0.163398692810457
"Bathyraja papilionifera",0,3.83018867924528,-3.83018867924528,-1.46183816612799,3.83018867924528,0
"Isistius plutodus",0.687285223367698,4.51202749140893,-3.82474226804123,-3.58294877945857,3.82474226804123,0.152322924600153
"Bathyraja diplotaenia",0,3.82432432432432,-3.82432432432432,-2.00055655776353,3.82432432432432,0
"Zameus squamulosus",0.700280112044818,4.51353874883287,-3.81325863678805,-9.87311780539063,3.81325863678805,0.155151013653289
"Squalus lobularis",0,3.8,-3.8,-1.20716515291903,3.8,0
"Rhinoraja kujiensis",0,3.78205128205128,-3.78205128205128,-2.75816668163993,3.78205128205128,0
"Mitsukurina owstoni",0.573613766730402,4.31931166347992,-3.74569789674952,-6.44488344712431,3.74569789674952,0.132802124833998
"Gurgesiella dorsalifera",0,3.7027027027027,-3.7027027027027,-1.34111797587872,3.7027027027027,0
"Aetomylaeus vespertilio",2.33444497379705,5.98332539304431,-3.64888041924726,-8.65967647298781,3.64888041924726,0.39015845210606
"Benthobatis kreffti",0,3.64864864864865,-3.64864864864865,-1.21238516998821,3.64864864864865,0
"Narcine brasiliensis",0,3.62096774193548,-3.62096774193548,-2.09441631607674,3.62096774193548,0
"Scyliorhinus haeckelii",0.626959247648903,4.24764890282132,-3.62068965517242,-3.27844434984575,3.62068965517242,0.14760147601476
"Bathyraja bergi",0,3.60887096774194,-3.60887096774194,-3.28526824029391,3.60887096774194,0
"Centroscymnus plunketi",1.71073094867807,5.30793157076205,-3.59720062208398,-4.94119986569792,3.59720062208398,0.322297099326106
"Galeus longirostris",0.980392156862745,4.56862745098039,-3.58823529411764,-1.81080477832598,3.58823529411764,0.214592274678112
"Schroederichthys saurisqualus",0,3.58,-3.58,-1.75840177458333,3.58,0
"Squalus albicaudus",0,3.578125,-3.578125,-1.4751186744579,3.578125,0
"Himantura fai",3.63810435615127,7.21541407371948,-3.57730971756821,-8.11684674316266,3.57730971756821,0.504212830889671
"Bythaelurus incanus",11.1111111111111,14.6666666666667,-3.5555555555556,-0.306717661426168,3.5555555555556,0.757575757575755
"Cephaloscyllium umbratile",0.258397932816538,3.7984496124031,-3.54005167958656,-4.23300504678805,3.54005167958656,0.0680272108843539
"Centroscyllium ritteri",1.04166666666667,4.578125,-3.53645833333333,-2.57458370310266,3.53645833333333,0.227531285551764
"Squalus quasimodo",0,3.525,-3.525,-1.14476462690025,3.525,0
"Etmopterus benchleyi",0,3.52173913043478,-3.52173913043478,-1.08289645900611,3.52173913043478,0
"Galeus mincaronei",0,3.46153846153846,-3.46153846153846,-0.982926537597421,3.46153846153846,0
"Breviraja nigriventralis",1.66666666666667,5.01666666666667,-3.35,-1.3514547620884,3.35,0.332225913621263
"Okamejei schmidti",0,3.33766233766234,-3.33766233766234,-1.45584821311935,3.33766233766234,0
"Squatina occulta",0,3.33333333333333,-3.33333333333333,-2.96069392238108,3.33333333333333,0
"Etmopterus lucifer",1.92032100888507,5.24906850100315,-3.32874749211808,-11.1766011748078,3.32874749211808,0.365840340722945
"Deania calcea",0.485865724381625,3.81183745583039,-3.32597173144877,-9.34999198401959,3.32597173144877,0.127462340672074
"Pteroplatytrygon violacea",0.851788756388416,4.17717206132879,-3.32538330494037,-10.0558713696421,3.32538330494037,0.203915171288744
"Squatina argentina",0,3.31182795698925,-3.31182795698925,-2.36183119938699,3.31182795698925,0
"Apristurus parvipinnis",0.50761421319797,3.79187817258883,-3.28426395939086,-2.94167659560429,3.28426395939086,0.133868808567604
"Bathyraja griseocauda",1.12676056338028,4.32253521126761,-3.19577464788733,-7.16295464499236,3.19577464788733,0.260671228413163
"Himantura leoparda",1.64262820512821,4.83814102564103,-3.19551282051282,-9.14652265960656,3.19551282051282,0.339516396157669
"Dasyatis acutirostra",0,3.18367346938776,-3.18367346938776,-1.34773634100789,3.18367346938776,0
"Dipturus olseni",0,3.18181818181818,-3.18181818181818,-1.51189004835821,3.18181818181818,0
"Scyliorhinus retifer",0.321543408360129,3.4951768488746,-3.17363344051447,-2.8743632194001,3.17363344051447,0.0919963201471942
"Rhinobatos planiceps",0,3.13888888888889,-3.13888888888889,-1.26250197401694,3.13888888888889,0
"Parmaturus pilosus",1.34529147982063,4.44394618834081,-3.09865470852018,-2.70467774943416,3.09865470852018,0.302724520686176
"Scyliorhinus ugoi",0,3.08333333333333,-3.08333333333333,-1.13965419817728,3.08333333333333,0
"Neoraja carolinensis",0,3.03703703703704,-3.03703703703704,-0.85641488320882,3.03703703703704,0
"Dasyatis longa",1.51515151515152,4.54545454545455,-3.03030303030303,-1.38648119247517,3.03030303030303,0.333333333333334
"Mustelus sinusmexicanus",0,3.02127659574468,-3.02127659574468,-1.74098519707168,3.02127659574468,0
"Etmopterus splendidus",0,3,-3,-1.70472662477951,3,0
"Dasyatis izuensis",0,3,-3,-0.312909072914302,3,0
"Anacanthobatis folirostris",0,3,-3,-0.52982240920666,3,0
"Bathyraja isotrachys",0,2.99162790697674,-2.99162790697674,-6.91159006734235,2.99162790697674,0
"Bathyraja tzinovskii",0,2.98901098901099,-2.98901098901099,-1.79170599671978,2.98901098901099,0
"Bathyraja fedorovi",0,2.98299319727891,-2.98299319727891,-4.57551064114493,2.98299319727891,0
"Pristis clavata",3.20404721753794,6.1371557054525,-2.93310848791456,-6.17605992186489,2.93310848791456,0.52207363986078
"Carcharhinus obscurus",3.1289707750953,6.0465374841169,-2.9175667090216,-13.8170864696121,2.9175667090216,0.517481415324805
"Scymnodalatias albicauda",0,2.90643274853801,-2.90643274853801,-4.42068334535882,2.90643274853801,0
"Dasyatis centroura",0.378787878787879,3.25126262626263,-2.87247474747475,-4.96953909669644,2.87247474747475,0.116504854368932
"Notorynchus cepedianus",1.41643059490085,4.28139754485364,-2.86496694995279,-7.84978742664508,2.86496694995279,0.330833700926334
"Chiloscyllium punctatum",2.54957507082153,5.40793201133144,-2.85835694050991,-9.03952870664853,2.85835694050991,0.471451021477214
"Mustelus lunulatus",3.15186246418338,6,-2.84813753581662,-2.29592194368879,2.84813753581662,0.52531041069723
"Bathyraja andriashevi",0,2.8255033557047,-2.8255033557047,-2.25004746191899,2.8255033557047,0
"Galeorhinus galeus",1.06157112526539,3.87443130118289,-2.8128601759175,-10.528561091305,2.8128601759175,0.273994050414905
"Scyliorhinus cabofriensis",0,2.8125,-2.8125,-0.738586625983461,2.8125,0
"Dipturus gigas",1.26050420168067,4.0672268907563,-2.80672268907563,-2.49833718861898,2.80672268907563,0.309917355371901
"Etmopterus pusillus",1.75685172171469,4.53900210822207,-2.78215038650738,-8.58330066711443,2.78215038650738,0.387056819941168
"Diplobatis guamachensis",1.78571428571429,4.55357142857143,-2.76785714285714,-1.11664987631072,2.76785714285714,0.392156862745099
"Dasyatis hypostigma",0.636942675159236,3.40127388535032,-2.76433121019108,-1.8784925839646,2.76433121019108,0.187265917602996
"Galeus eastmani",0,2.75647668393782,-2.75647668393782,-2.39676877776159,2.75647668393782,0
"Squaliolus aliae",1.39720558882236,4.10479041916168,-2.70758483033932,-5.51092129982838,2.70758483033932,0.340384147823974
"Squalus formosus",0,2.69230769230769,-2.69230769230769,-0.793725393319376,2.69230769230769,0
"Mustelus minicanis",0,2.66666666666667,-2.66666666666667,-0.95138996060651,2.66666666666667,0
"Squalus griffini",0.845070422535211,3.50140845070423,-2.65633802816902,-2.76140712153569,2.65633802816902,0.241351568785197
"Dipturus leptocaudus",0,2.65178571428571,-2.65178571428571,-1.78881044421158,2.65178571428571,0
"Mustelus henlei",2.3454157782516,4.98294243070362,-2.63752665245202,-2.78913637656899,2.63752665245202,0.470688917415491
"Bathyraja panthera",0,2.62637362637363,-2.62637362637363,-1.57560797720339,2.62637362637363,0
"Raja stellulata",0,2.60869565217391,-2.60869565217391,-1.71446243566285,2.60869565217391,0
"Cirrhigaleus australis",1.92307692307692,4.50534188034188,-2.58226495726496,-4.59085408547628,2.58226495726496,0.426843727768555
"Dipturus macrocauda",0,2.57352941176471,-2.57352941176471,-2.78819627385492,2.57352941176471,0
"Raja eglanteria",0,2.57234726688103,-2.57234726688103,-2.96647939483827,2.57234726688103,0
"Scymnodalatias sherwoodi",0,2.56591639871383,-2.56591639871383,-3.27451208838312,2.56591639871383,0
"Dactylobatus clarkii",0.740740740740741,3.3037037037037,-2.56296296296296,-2.42020873056352,2.56296296296296,0.224215246636772
"Bathyraja taranetzi",0,2.54954954954955,-2.54954954954955,-3.75642322293319,2.54954954954955,0
"Apristurus japonicus",2.12765957446809,4.65248226950355,-2.52482269503546,-1.46998911823034,2.52482269503546,0.457317073170732
"Apristurus gibbosus",0,2.52173913043478,-2.52173913043478,-0.847566684022796,2.52173913043478,0
"Bathyraja albomaculata",1.71428571428571,4.23285714285714,-2.51857142857143,-5.66357197108152,2.51857142857143,0.40499493756328
"Dipturus oregoni",0,2.50943396226415,-2.50943396226415,-1.20747919009192,2.50943396226415,0
"Heptranchias perlo",1.44337527757217,3.93911917098446,-2.49574389341229,-9.60753554668869,2.49574389341229,0.366420820218913
"Bathyraja parmifera",0.178173719376392,2.66636971046771,-2.48819599109132,-7.82270827654938,2.48819599109132,0.0668225860340794
"Bathyraja trachura",0.137299771167048,2.62105263157895,-2.4837528604119,-7.24057820794366,2.4837528604119,0.0523834468308014
"Bathyraja mariposa",0,2.47674418604651,-2.47674418604651,-1.57393329226297,2.47674418604651,0
"Orectolobus ornatus",17.4863387978142,19.9562841530055,-2.4699453551913,-0.785874201601083,2.4699453551913,0.876232201533404
"Cirrhigaleus barbifer",0,2.46376811594203,-2.46376811594203,-1.26427049647936,2.46376811594203,0
"Triakis acutipinna",0,2.4375,-2.4375,-1.20001195403673,2.4375,0
"Bathyraja aleutica",0.114285714285714,2.54457142857143,-2.43028571428572,-6.25909646441542,2.43028571428572,0.0449135414327418
"Bathyraja maculata",0.214477211796247,2.62573726541555,-2.4112600536193,-7.10777023139633,2.4112600536193,0.0816826628548092
"Urotrygon nana",0,2.4,-2.4,-0.336902337055378,2.4,0
"Cephaloscyllium sarawakensis",0,2.36363636363636,-2.36363636363636,-0.589777786829783,2.36363636363636,0
"Bathyraja minispinosa",0.231615518239722,2.59004053271569,-2.35842501447597,-6.22979934174152,2.35842501447597,0.0894254415381176
"Glaucostegus typus",3.42105263157895,5.77412280701754,-2.35307017543859,-5.44400261874089,2.35307017543859,0.592480060767187
"Tetronarce formosa",0,2.33870967741935,-2.33870967741935,-1.75929818721106,2.33870967741935,0
"Rajella sadowskii",0,2.32352941176471,-2.32352941176471,-1.35624979849855,2.32352941176471,0
"Urobatis halleri",3.1700288184438,5.48703170028818,-2.31700288184438,-1.9334905819402,2.31700288184438,0.577731092436975
"Bathyraja lindbergi",0.235109717868339,2.53448275862069,-2.29937304075235,-5.69631457399121,2.29937304075235,0.0927643784786644
"Dipturus garricki",0.591715976331361,2.8698224852071,-2.27810650887574,-2.15238528868305,2.27810650887574,0.206185567010309
"Narcine vermiculatus",2.5,4.775,-2.275,-0.653120922162694,2.275,0.523560209424084
"Bathyraja violacea",0.232828870779977,2.49708963911525,-2.26426076833527,-4.00513363152348,2.26426076833527,0.0932400932400934
"Himantura jenkinsii",1.48331273176761,3.74752781211372,-2.26421508034611,-8.88284529574913,2.26421508034611,0.395811000247381
"Apristurus herklotsi",0.925925925925926,3.18518518518519,-2.25925925925926,-1.40486125506941,2.25925925925926,0.290697674418604
"Carcharhinus brevipinna",3.06976744186047,5.32403100775194,-2.25426356589147,-6.00528008764023,2.25426356589147,0.576587070471754
"Leucoraja garmani",0,2.25242718446602,-2.25242718446602,-2.32281724451093,2.25242718446602,0
"Raja pulchra",0,2.25,-2.25,-4.48803925527737,2.25,0
"Psammobatis parvacauda",0,2.25,-2.25,-0.312909072914302,2.25,0
"Squalus suckleyi",0.720242608036391,2.95981804397271,-2.23957543593632,-6.80715327277964,2.23957543593632,0.243340163934426
"Mollisquama mississippiensis",0,2.23529411764706,-2.23529411764706,-0.634045344050968,2.23529411764706,0
"Somniosus pacificus",0.343733474352195,2.56848228450555,-2.22474881015336,-8.77603717703051,2.22474881015336,0.133827465513692
"Bathyraja abyssicola",0.195694716242661,2.41487279843444,-2.21917808219178,-4.68128424082779,2.21917808219178,0.0810372771474877
"Tetronarce tokionis",0.72463768115942,2.92753623188406,-2.20289855072464,-3.2689569795608,2.20289855072464,0.247524752475247
"Squalus acanthias",0.573613766730402,2.77219338978421,-2.19857962305381,-9.21388055158023,2.19857962305381,0.206916937629323
"Dalatias licha",1.96863530196864,4.16416416416416,-2.19552886219552,-6.81685166399022,2.19552886219552,0.472756410256412
"Pristiophorus japonicus",0.45662100456621,2.65144596651446,-2.19482496194825,-4.00661743240274,2.19482496194825,0.172215843857635
"Dipturus tengu",1.5015015015015,3.65765765765766,-2.15615615615616,-2.30962002572684,2.15615615615616,0.410509031198686
"Bathyraja smirnovi",0.539956803455723,2.68682505399568,-2.14686825053996,-4.38529411764706,2.14686825053996,0.20096463022508
"Triakis scyllium",0.143884892086331,2.2863309352518,-2.14244604316547,-4.26301224684334,2.14244604316547,0.0629326620516048
"Hemipristis elongata",2.19261726339162,4.33416597280044,-2.14154870940882,-8.06334741981454,2.14154870940882,0.505891393442624
"Hemitriakis complicofasciata",0,2.12820512820513,-2.12820512820513,-0.833756152714557,2.12820512820513,0
"Pavoraja mosaica",20.8333333333333,22.9583333333333,-2.125,-0.502742584565311,2.125,0.907441016333938
"Pavoraja pseudonitida",20.8333333333333,22.9583333333333,-2.125,-0.502742584565311,2.125,0.907441016333938
"Apristurus kampae",3.33333333333333,5.44761904761905,-2.11428571428572,-1.54214150742839,2.11428571428572,0.611888111888111
"Centrophorus tessellatus",1.35593220338983,3.45084745762712,-2.09491525423729,-2.15158665601726,2.09491525423729,0.392927308447937
"Bathyraja interrupta",0.431654676258993,2.5136690647482,-2.08201438848921,-3.65588756112726,2.08201438848921,0.171722953634803
"Carcharhinus sealei",1.94264569842738,4.0095590502621,-2.06691335183472,-7.68534004367147,2.06691335183472,0.484503576097824
"Urolophus aurantiacus",0,2.05263157894737,-2.05263157894737,-1.89684249366292,2.05263157894737,0
"Parmaturus xaniurus",3.52564102564103,5.55769230769231,-2.03205128205128,-1.65980512753577,2.03205128205128,0.634371395617071
"Apristurus nasutus",0,2.03125,-2.03125,-1.45120639469373,2.03125,0
"Centroscymnus crepidater",0.588235294117647,2.60196078431373,-2.01372549019608,-7.82379785521138,2.01372549019608,0.226073850791258
"Etmopterus molleri",0.804953560371517,2.81857585139319,-2.01362229102167,-6.69906956905278,2.01362229102167,0.285588752196836
"Okamejei meerdervoortii",0,2.00696864111498,-2.00696864111498,-2.5126859434615,2.00696864111498,0
"Carcharhinus sorrah",1.72509738452977,3.73121869782972,-2.00612131329995,-8.16213207440313,2.00612131329995,0.462341536167039
"Sinobatis borneensis",0.709219858156028,2.68085106382979,-1.97163120567376,-1.43964387729903,1.97163120567376,0.264550264550264
"Himantura pacifica",0,1.96296296296296,-1.96296296296296,-0.739080796853861,1.96296296296296,0
"Raja equatorialis",3.80952380952381,5.77142857142857,-1.96190476190476,-0.951906668162234,1.96190476190476,0.66006600660066
"Okamejei kenojei",0.166666666666667,2.12,-1.95333333333333,-3.53183240970608,1.95333333333333,0.078616352201258
"Anoxypristis cuspidata",2.85158781594297,4.78872326636423,-1.93713545042126,-5.80326192264361,1.93713545042126,0.595479767221545
"Cruriraja cadenati",0,1.93333333333333,-1.93333333333333,-0.490614426181901,1.93333333333333,0
"Galeus nipponensis",3.03030303030303,4.95959595959596,-1.92929292929293,-0.964558989195803,1.92929292929293,0.610997963340122
"Euprotomicroides zantedeschia",0,1.92452830188679,-1.92452830188679,-1.45043097043602,1.92452830188679,0
"Hypanus berthalutzae",0.980392156862745,2.89705882352941,-1.91666666666666,-1.72916952971372,1.91666666666666,0.338409475465313
"Dasyatis sabina",2.28310502283105,4.1689497716895,-1.88584474885845,-1.36877024008136,1.88584474885845,0.547645125958379
"Breviraja claramaculata",0,1.88235294117647,-1.88235294117647,-0.604307305834313,1.88235294117647,0
"Heterodontus zebra",1.50905432595573,3.38832997987928,-1.87927565392355,-3.58108821465494,1.87927565392355,0.445368171021376
"Himantura signifer",0,1.86666666666667,-1.86666666666667,-0.544699226827452,1.86666666666667,0
"Etmopterus schultzi",1.65289256198347,3.51652892561984,-1.86363636363637,-1.80950635281166,1.86363636363637,0.470035252643947
"Gymnura japonica",0.486223662884927,2.3484602917342,-1.86223662884927,-3.21435677899698,1.86223662884927,0.20703933747412
"Echinorhinus brucus",0.437898089171975,2.29936305732484,-1.86146496815286,-6.62610127319901,1.86146496815286,0.190443213296399
"Cephaloscyllium ventriosum",3.32326283987915,5.17824773413897,-1.85498489425982,-1.54279207693991,1.85498489425982,0.641773628938156
"Heterodontus japonicus",0.131926121372032,1.95514511873351,-1.82321899736148,-3.90374776218946,1.82321899736148,0.0674763832658571
"Negaprion acutidens",1.66447656592203,3.47985107314936,-1.81537450722733,-8.78493166472463,1.81537450722733,0.478318333438228
"Carcharhinus amblyrhynchoides",2.47422680412371,4.27864506627393,-1.80441826215022,-7.19475244315323,1.80441826215022,0.578273440726972
"Myliobatis tobijei",0.404858299595142,2.20377867746289,-1.79892037786775,-3.9843392494801,1.79892037786775,0.183710961420698
"Centrophorus uyato",2.09366391184573,3.89201101928375,-1.79834710743802,-4.50321467014101,1.79834710743802,0.537938844847112
"Dasyatis marianae",0.884955752212389,2.68141592920354,-1.79646017699115,-1.16827050665306,1.79646017699115,0.33003300330033
"Neoraja africana",0,1.79245283018868,-1.79245283018868,-1.35379807606941,1.79245283018868,0
"Hongeo koreana",0,1.79166666666667,-1.79166666666667,-0.689444471704395,1.79166666666667,0
"Himantura granulata",2.03535083020889,3.82217461167649,-1.7868237814676,-7.16931798246208,1.7868237814676,0.532511210762331
"Pristiophorus delicatus",20.6611570247934,22.4462809917355,-1.7851239669421,-0.524744446441265,1.7851239669421,0.920471281296026
"Squatina varii",1.34228187919463,3.12080536912752,-1.77852348993289,-1.27637034804866,1.77852348993289,0.43010752688172
"Hexanchus griseus",1.6952345074402,3.42154831418346,-1.72631380674326,-7.98054447552276,1.72631380674326,0.495458298926509
"Gurgesiella atlantica",2.06896551724138,3.77931034482759,-1.71034482758621,-1.32473671691744,1.71034482758621,0.547445255474452
"Tetronarce tremens",0,1.70454545454545,-1.70454545454545,-1.64705420394844,1.70454545454545,0
"Hemitriakis abdita",2.98507462686567,4.6865671641791,-1.70149253731343,-1.00241975281054,1.70149253731343,0.636942675159236
"Carcharhinus amboinensis",2.23214285714286,3.92316729323308,-1.69102443609022,-7.55461322129383,1.69102443609022,0.56896448463796
"Scyliorhinus torazame",0,1.68989547038328,-1.68989547038328,-2.34702398472216,1.68989547038328,0
"Sphyrna zygaena",0.991801110817244,2.67958212113198,-1.68778101031474,-11.1829008166208,1.68778101031474,0.370132754281202
"Eusphyra blochii",2.43026788180061,4.09721071527202,-1.66694283347141,-6.45702798060688,1.66694283347141,0.593151792936103
"Potamotrygon signata",0,1.66666666666667,-1.66666666666667,-0.228265773075805,1.66666666666667,0
"Squatina nebulosa",0.46875,2.13125,-1.6625,-3.08839542068528,1.6625,0.219941348973607
"Mustelus higmani",1.06382978723404,2.71580547112462,-1.65197568389058,-3.28906178436474,1.65197568389058,0.391717963066591
"Pristis zijsron",3.19923978460564,4.84225530566994,-1.6430155210643,-4.99649754499151,1.6430155210643,0.660692091319422
"Carcharhinus leucas",2.65109380793474,4.26362625139043,-1.61253244345569,-6.82105542855294,1.61253244345569,0.621793199408644
"Carcharhinus macloti",1.95705354715955,3.56265289480837,-1.60559934764882,-6.91960252204838,1.60559934764882,0.54932478828107
"Squalus brevirostris",0,1.60477941176471,-1.60477941176471,-3.3921569445987,1.60477941176471,0
"Apristurus macrorhynchus",0.591715976331361,2.19526627218935,-1.60355029585799,-1.57100616009924,1.60355029585799,0.269541778975741
"Carcharhinus isodon",0.75642965204236,2.34795763993949,-1.59152798789713,-2.86483234020916,1.59152798789713,0.322164948453608
"Dipturus bullisi",1.0752688172043,2.65591397849462,-1.58064516129032,-1.28822471757434,1.58064516129032,0.404858299595142
"Dasyatis laevigata",0,1.57798165137615,-1.57798165137615,-1.32764756244729,1.57798165137615,0
"Rhizoprionodon acutus",2.80898876404494,4.35477528089888,-1.54578651685394,-5.30397491075748,1.54578651685394,0.645036444559116
"Etmopterus perryi",9.09090909090909,10.6363636363636,-1.54545454545451,-0.155640703056931,1.54545454545451,0.854700854700858
"Myliobatis freminvillei",0.87173100871731,2.40597758405978,-1.53424657534247,-3.03645240314159,1.53424657534247,0.362318840579709
"Neoharriotta carri",1.85185185185185,3.37962962962963,-1.52777777777778,-1.02458104103079,1.52777777777778,0.547945205479451
"Rhizoprionodon terraenovae",1.65680473372781,3.17041420118343,-1.51360946745562,-2.50028087776316,1.51360946745562,0.522583053378126
"Loxodon macrorhinus",2.9557938791525,4.46246403348156,-1.50667015432906,-6.48506844035253,1.50667015432906,0.662368112543963
"Carcharhinus plumbeus",1.8230376219229,3.32071528100325,-1.49767765908035,-11.2564739811269,1.49767765908035,0.548989439820967
"Etmopterus gracilispinis",1.97668525088697,3.47339077546883,-1.49670552458186,-4.3650409913796,1.49670552458186,0.569093827520793
"Dipturus mennii",1.81818181818182,3.29090909090909,-1.47272727272727,-0.655019187056265,1.47272727272727,0.552486187845305
"Squalus mitsukurii",0,1.45648604269294,-1.45648604269294,-3.07955285082758,1.45648604269294,0
"Himantura uarnak",2.25784601490178,3.69496500338677,-1.43711898848499,-6.77549534059924,1.43711898848499,0.611060189428658
"Himantura hortlei",0,1.42857142857143,-1.42857142857143,-0.3,1.42857142857143,0
"Raja binoculata",1.16788321167883,2.58686131386861,-1.41897810218978,-2.71152113666978,1.41897810218978,0.451467268623025
"Rhina ancylostoma",2.78667520819987,4.20339525944907,-1.4167200512492,-4.57484720959294,1.4167200512492,0.662958165053722
"Sphyrna lewini",1.58166286052609,2.98934280639432,-1.40767994586823,-13.658800267304,1.40767994586823,0.529100529100527
"Glyphis glyphis",0,1.3953488372093,-1.3953488372093,-0.880217364459285,1.3953488372093,0
"Apristurus canutus",0,1.38461538461538,-1.38461538461538,-0.840753125373706,1.38461538461538,0
"Amblyraja hyperborea",1.01139967429502,2.3658181194823,-1.35441844518728,-10.7488936531493,1.35441844518728,0.427505253242519
"Rajella lintea",1.00210970464135,2.35284810126582,-1.35073839662447,-4.45486415570727,1.35073839662447,0.425913472315625
"Pristiophorus schroederi",0,1.33333333333333,-1.33333333333333,-0.497493718553309,1.33333333333333,0
"Rajella fyllae",0.364381689820087,1.69665224322478,-1.33227055340469,-9.17239288079573,1.33227055340469,0.214765100671141
"Platyrhina sinensis",0,1.30254350736278,-1.30254350736278,-3.23118933013761,1.30254350736278,0
"Rhinobatos lionotus",0,1.3,-1.3,-0.384618037126132,1.3,0
"Carcharhinus hemiodon",0.826067003212483,2.12574575493346,-1.29967875172098,-4.8455095611183,1.29967875172098,0.388601036269429
"Carcharhinus signatus",0.484652665589661,1.77625201938611,-1.29159935379645,-3.4005109077041,1.29159935379645,0.272851296043656
"Squatina david",1.21951219512195,2.50609756097561,-1.28658536585366,-1.57010407374603,1.28658536585366,0.48661800486618
"Rhynchobatus australiae",3.24558240173098,4.51821132347638,-1.2726289217454,-3.90807426367744,1.2726289217454,0.71833346635805
"Hemiscyllium freycineti",0,1.26086956521739,-1.26086956521739,-0.607096151405847,1.26086956521739,0
"Squatina japonica",0.447761194029851,1.70597014925373,-1.25820895522388,-2.65974863526373,1.25820895522388,0.26246719160105
"Proscyllium habereri",0,1.25573770491803,-1.25573770491803,-2.87979051690883,1.25573770491803,0
"Centrophorus squamosus",0.389256520046711,1.63954846243675,-1.25029194239004,-5.74504824516102,1.25029194239004,0.23741690408357
"Mustelus widodoi",0,1.25,-1.25,-0.424264068711928,1.25,0
"Dasyatis microps",1.02827763496144,2.26349614395887,-1.23521850899743,-2.62013163150339,1.23521850899743,0.454287336740488
"Bathyraja multispinis",2.92479108635097,4.15738161559889,-1.23259052924792,-2.62096961591982,1.23259052924792,0.703517587939697
"Rhinobatos penggali",0,1.21428571428571,-1.21428571428571,-0.397472689538247,1.21428571428571,0
"Carcharhinus albimarginatus",3.43728659230594,4.64443432733895,-1.20714773503301,-5.28516993836596,1.20714773503301,0.740087242072244
"Tetronarce occidentalis",0.480769230769231,1.68509615384615,-1.20432692307692,-2.11218339524037,1.20432692307692,0.285306704707561
"Narke japonica",0.198412698412698,1.40079365079365,-1.20238095238095,-2.67616140890899,1.20238095238095,0.141643059490085
"Squaliolus laticaudus",1.14503816793893,2.33969465648855,-1.19465648854962,-2.81215958176832,1.19465648854962,0.489396411092985
"Rhinobatos jimbaranensis",0,1.18181818181818,-1.18181818181818,-0.384618037126131,1.18181818181818,0
"Hemiscyllium halmahera",0,1.17647058823529,-1.17647058823529,-0.444971909225738,1.17647058823529,0
"Centrophorus longipinnis",0,1.17567567567568,-1.17567567567568,-1.05510833696527,1.17567567567568,0
"Sphyrna mokarran",1.41318977119785,2.58092193808883,-1.16773216689098,-12.1485597640146,1.16773216689098,0.547552310801122
"Rajella annandalei",0,1.16666666666667,-1.16666666666667,-0.272976425781162,1.16666666666667,0
"Centrophorus atromarginatus",0,1.14893617021277,-1.14893617021277,-1.2452238665872,1.14893617021277,0
"Narke dipterygia",0.0868055555555556,1.2265625,-1.13975694444444,-3.70503751744654,1.13975694444444,0.0707714083510262
"Squalus japonicus",0,1.13793103448276,-1.13793103448276,-2.19255497018827,1.13793103448276,0
"Paragaleus tengi",0,1.125,-1.125,-1.17520124012447,1.125,0
"Potamotrygon ocellata",0,1.125,-1.125,-0.312909072914302,1.125,0
"Potamotrygon scobina",0,1.125,-1.125,-0.312909072914302,1.125,0
"Parmaturus lanatus",0,1.11111111111111,-1.11111111111111,-0.3,1.11111111111111,0
"Carcharhinus obsoletus",0.558659217877095,1.66480446927374,-1.10614525139664,-1.37946372929031,1.10614525139664,0.335570469798658
"Nebrius ferrugineus",1.81495363977116,2.91359242454133,-1.09863878477017,-5.88897915859701,1.09863878477017,0.622926399891666
"Mustelus manazo",0.215285252960172,1.30355220667384,-1.08826695371367,-3.48369729906523,1.08826695371367,0.165152766308836
"Squatina armata",0,1.07476635514019,-1.07476635514019,-1.1074687893742,1.07476635514019,0
"Leucoraja fullonica",0.418994413407821,1.49162011173184,-1.07262569832402,-3.25462215865975,1.07262569832402,0.280898876404495
"Dipturus lamillai",0,1.07258064516129,-1.07258064516129,-1.07297685777545,1.07258064516129,0
"Taeniurops meyeni",1.61693936477382,2.68893166506256,-1.07199230028874,-6.29693555409843,1.07199230028874,0.601331519793829
"Urogymnus asperrimus",1.96584590945195,3.02779984114376,-1.06195393169181,-5.84324653996027,1.06195393169181,0.649265477439667
"Oxynotus caribbaeus",0.840336134453782,1.89915966386555,-1.05882352941177,-1.18072600139373,1.05882352941177,0.442477876106194
"Myliobatis goodei",2.61780104712042,3.66910994764398,-1.05130890052356,-2.22717627059231,1.05130890052356,0.713470319634703
"Temera hardwickii",0,1.03030303030303,-1.03030303030303,-0.63435405200183,1.03030303030303,0
"Isistius brasiliensis",1.23131046613896,2.25857519788918,-1.02726473175022,-2.61850726446309,1.02726473175022,0.545171339563862
"Bathyraja spinosissima",4.73372781065089,5.75739644970414,-1.02366863905325,-0.753253413459793,1.02366863905325,0.822199383350463
"Atelomycterus baliensis",0,1,-1,-0.1,1,0
"Cephaloscyllium pictum",0,1,-1,-0.318752338713169,1,0
"Etmopterus burgessi",0,1,-1,-0.393075909361323,1,0
"Halaelurus maculosus",0,1,-1,-0.417978327611542,1,0
"Rajella paucispinosa",0,1,-1,-0.174981589605967,1,0
"Pristis pristis",2.98799902032819,3.98579475875582,-0.99779573842763,-3.63389088940944,0.99779573842763,0.749662037605997
"Mustelus canis",2.33644859813084,3.33177570093458,-0.99532710280374,-2.92299594066857,0.99532710280374,0.701262272089761
"Raja velezi",3.09278350515464,4.06185567010309,-0.96907216494845,-0.483858939454253,0.96907216494845,0.761421319796955
"Stegostoma fasciatum",1.53916488875343,2.50670527278269,-0.96754038402926,-6.21154837726433,0.96754038402926,0.614019089306341
"Sphyrna tudes",1.58730158730159,2.5515873015873,-0.96428571428571,-1.46599144414441,0.96428571428571,0.622083981337482
"Hemiscyllium hallstromi",0,0.942307692307692,-0.942307692307692,-0.780795065028404,0.942307692307692,0
"Etmopterus alphus",0,0.933333333333333,-0.933333333333333,-0.784718288728972,0.933333333333333,0
"Dipturus nidarosiensis",0.117924528301887,1.0247641509434,-0.906839622641513,-2.54288131357352,0.906839622641513,0.115074798619102
"Gymnura altavela",0.330578512396694,1.23140495867769,-0.900826446280996,-3.75719445881635,0.900826446280996,0.268456375838925
"Potamotrygon constellata",0,0.9,-0.9,-0.312909072914302,0.9,0
"Mustelus griseus",0,0.896402877697842,-0.896402877697842,-2.63429532101603,0.896402877697842,0
"Chiloscyllium burmensis",0,0.875,-0.875,-0.734619802779204,0.875,0
"Centroscymnus coelolepis",0.782172373081464,1.64817001180638,-0.865997638724916,-6.9468790073811,0.865997638724916,0.474570200573065
"Deania hystricosa",0.478468899521531,1.33971291866029,-0.861244019138759,-1.06651151353872,0.861244019138759,0.357142857142856
"Apristurus macrostomus",0.454545454545455,1.28181818181818,-0.827272727272725,-1.18695652173913,0.827272727272725,0.354609929078015
"Apristurus manis",0,0.82051282051282,-0.82051282051282,-0.547982080171945,0.82051282051282,0
"Dasyatis akajei",0.45045045045045,1.26801801801802,-0.81756756756757,-1.7765861241478,0.81756756756757,0.355239786856127
"Carcharhinus limbatus",2.13164675568049,2.93968142422113,-0.80803466854064,-5.51559275623391,0.80803466854064,0.725128491174948
"Okamejei jensenae",0,0.8,-0.8,-0.293405788153095,0.8,0
"Amblyraja radiata",0.565610859728507,1.3591628959276,-0.793552036199093,-4.88115399420513,0.793552036199093,0.416146483562215
"Carcharhinus amblyrhynchos",3.51295028282227,4.30485263471271,-0.79190235189044,-2.77537555634858,0.79190235189044,0.816044260027663
"Mobula hypostoma",1.0862818125388,1.87150837988827,-0.78522656734947,-6.85635305037126,0.78522656734947,0.580431177446105
"Dipturus batis",0.518134715025907,1.29821531375936,-0.780080598733453,-2.92072483807112,0.780080598733453,0.39911308203991
"Leucoraja erinacea",0,0.773413897280967,-0.773413897280967,-1.59622551963039,0.773413897280967,0
"Rhinobatos hynnicephalus",0,0.766871165644172,-0.766871165644172,-1.14132886537902,0.766871165644172,0
"Orectolobus japonicus",0,0.763057324840764,-0.763057324840764,-2.51632573824389,0.763057324840764,0
"Apristurus longicephalus",1.45322434150772,2.21616712079927,-0.76294277929155,-2.43721152139078,0.76294277929155,0.655737704918034
"Benthobatis marcida",0,0.760869565217391,-0.760869565217391,-0.922525138724656,0.760869565217391,0
"Rhinochimaera atlantica",0.074794315632012,0.820493642483171,-0.745699326851159,-3.39275545195869,0.745699326851159,0.0911577028258889
"Dipturus laevis",0,0.744,-0.744,-1.74668151481174,0.744,0
"Echinorhinus cookei",1.25628140703518,1.99246231155779,-0.73618090452261,-1.52383779882037,0.73618090452261,0.630517023959649
"Bathyraja spinicauda",1.31926121372032,2.05408970976253,-0.73482849604221,-4.05374591211157,0.73482849604221,0.642260757867697
"Rhinobatos schlegelii",0.993377483443709,1.71854304635762,-0.725165562913911,-0.916405423311337,0.725165562913911,0.578034682080924
"Bathyraja scaphiops",4.14201183431953,4.86686390532544,-0.72485207100591,-0.743583860389633,0.72485207100591,0.851063829787235
"Potamotrygon orbignyi",0,0.714285714285714,-0.714285714285714,-0.33166247903554,0.714285714285714,0
"Hexanchus nakamurai",3.76404494382022,4.47752808988764,-0.71348314606742,-1.79333610365282,0.71348314606742,0.84065244667503
"Fenestraja cubensis",0,0.694444444444444,-0.694444444444444,-0.741619848709566,0.694444444444444,0
"Holohalaelurus favus",0,0.69047619047619,-0.69047619047619,-0.607096151405847,0.69047619047619,0
"Urotrygon microphthalmum",1.31578947368421,2.00438596491228,-0.68859649122807,-0.84407419224114,0.68859649122807,0.656455142231947
"Okamejei acutispina",0.809716599190283,1.49392712550607,-0.684210526315787,-1.49276211051029,0.684210526315787,0.542005420054201
"Squatina dumeril",3.18559556786704,3.84072022160665,-0.65512465373961,-0.903435226661671,0.65512465373961,0.829426613775695
"Mobula kuhlii",2.12213079255089,2.77262884365526,-0.65049805110437,-3.54826149583607,0.65049805110437,0.76538581693221
"Scyliorhinus hesperius",5.08474576271187,5.72881355932203,-0.64406779661016,-0.251750389386948,0.64406779661016,0.887573964497043
"Centroscyllium nigrum",2.61096605744125,3.2532637075718,-0.64229765013055,-0.725943851765203,0.64229765013055,0.802568218298555
"Oxynotus paradoxus",0,0.612303290414878,-0.612303290414878,-2.46624760458386,0.612303290414878,0
"Diplobatis pictus",1.20481927710843,1.81526104417671,-0.61044176706828,-0.854902857467174,0.61044176706828,0.663716814159289
"Etmopterus robinsi",2.38095238095238,2.98809523809524,-0.60714285714286,-0.373090033056494,0.60714285714286,0.796812749003983
"Pseudotriakis microdon",0.969237252423093,1.56384323640961,-0.594605983986517,-2.90239268487554,0.594605983986517,0.619779035300457
"Himantura polylepis",0,0.586206896551724,-0.586206896551724,-0.450301104081868,0.586206896551724,0
"Dasyatis say",1.57142857142857,2.15142857142857,-0.58,-1.11287207698688,0.58,0.730411686586985
"Oxynotus centrina",0.279589934762349,0.856943150046598,-0.577353215284249,-3.11745137249544,0.577353215284249,0.326264274061991
"Halaelurus buergeri",0.217864923747277,0.79520697167756,-0.577342047930283,-1.49095594847325,0.577342047930283,0.273972602739726
"Cruriraja atlantis",0,0.576923076923077,-0.576923076923077,-0.41797832761154,0.576923076923077,0
"Neoraja iberica",0,0.571428571428571,-0.571428571428571,-0.906077044050944,0.571428571428571,0
"Triaenodon obesus",3.3710407239819,3.92217194570136,-0.55113122171946,-2.3825654981567,0.55113122171946,0.859483156437471
"Centroscyllium fabricii",0.467059980334317,1.00712881022616,-0.540068829891843,-3.783078018036,0.540068829891843,0.463753966316815
"Anacanthobatis americana",2.74725274725275,3.28021978021978,-0.53296703296703,-0.466021813543902,0.53296703296703,0.837520938023451
"Hemitriakis japanica",0.647249190938511,1.1747572815534,-0.527508090614889,-1.63478660245766,0.527508090614889,0.550964187327822
"Raja microocellata",0,0.523809523809524,-0.523809523809524,-1.33957813552172,0.523809523809524,0
"Galeus melastomus",0.345849802371542,0.868577075098814,-0.522727272727272,-3.28909910278819,0.522727272727272,0.398179749715587
"Raja montagui",0.448430493273543,0.957399103139013,-0.50896860986547,-2.52628597442718,0.50896860986547,0.468384074941453
"Okamejei boesemani",0.181488203266788,0.689655172413793,-0.508166969147005,-1.49343390465939,0.508166969147005,0.263157894736843
"Gymnura zonura",0,0.505454545454545,-0.505454545454545,-1.23313134998091,0.505454545454545,0
"Cirrhoscyllium formosanum",0,0.5,-0.5,-0.174981589605967,0.5,0
"Squalus hawaiiensis",0,0.5,-0.5,-0.1,0.5,0
"Myliobatis californica",4.80769230769231,5.30288461538461,-0.495192307692299,-0.353411000456916,0.495192307692299,0.906618313689938
"Galeus sauteri",1.25786163522013,1.74842767295597,-0.49056603773584,-0.739435396692864,0.49056603773584,0.719424460431659
"Etmopterus spinax",0.356252226576416,0.845742785892412,-0.489490559315996,-3.39741592530144,0.489490559315996,0.4212299915754
"Triakis semifasciata",4.65116279069767,5.13953488372093,-0.488372093023259,-0.356927360055232,0.488372093023259,0.90497737556561
"Cruriraja poeyi",0.952380952380952,1.43809523809524,-0.485714285714288,-0.430423521094437,0.485714285714288,0.662251655629138
"Negaprion brevirostris",2.46671887235709,2.95223179326547,-0.48551292090838,-1.75433378232707,0.48551292090838,0.835543766578249
"Rhizoprionodon lalandii",1.84757505773672,2.33256351039261,-0.48498845265589,-0.718800776441581,0.48498845265589,0.792079207920792
"Scyliorhinus canicula",0.465116279069767,0.94625322997416,-0.481136950904393,-2.55995757710345,0.481136950904393,0.491534680502457
"Scyliorhinus stellaris",0.475285171102662,0.955798479087452,-0.48051330798479,-2.66778622167174,0.48051330798479,0.497265042267529
"Raja clavata",0.43956043956044,0.912454212454212,-0.472893772893772,-2.83830275565747,0.472893772893772,0.481734243275794
"Leucoraja lentiginosa",5.3030303030303,5.77272727272727,-0.46969696969697,-0.231587291900182,0.46969696969697,0.918635170603675
"Indobatis ori",0,0.466666666666667,-0.466666666666667,-0.238754110465966,0.466666666666667,0
"Chiloscyllium griseum",0.789473684210526,1.25526315789474,-0.465789473684214,-0.994321161424723,0.465789473684214,0.628930817610061
"Leucoraja ocellata",0,0.432325886990802,-0.432325886990802,-1.90723626078469,0.432325886990802,0
"Apristurus profundorum",0,0.429333333333333,-0.429333333333333,-1.40612152699222,0.429333333333333,0
"Leucoraja naevus",0.265721877767936,0.689991142604074,-0.424269264836138,-1.71911823069854,0.424269264836138,0.385109114249037
"Somniosus longus",1.20967741935484,1.62903225806452,-0.41935483870968,-0.584112888428904,0.41935483870968,0.742574257425742
"Anacanthobatis marmorata",0,0.416666666666667,-0.416666666666667,-0.331662479035542,0.416666666666667,0
"Okamejei powelli",0,0.41,-0.41,-1.10255364652355,0.41,0
"Squatina formosa",0,0.4,-0.4,-0.331662479035541,0.4,0
"Malacoraja senta",0,0.388387096774194,-0.388387096774194,-1.96207431331498,0.388387096774194,0
"Urotrygon rogersi",6.12244897959184,6.51020408163265,-0.38775510204081,-0.121677859410201,0.38775510204081,0.940438871473355
"Squalus notocaudatus",22.0472440944882,22.4330708661417,-0.385826771653502,-0.118421377116812,0.385826771653502,0.982800982800985
"Bathyraja pallida",0,0.384615384615385,-0.384615384615385,-0.228265773075805,0.384615384615385,0
"Dasyatis bennettii",0,0.380530973451327,-0.380530973451327,-0.728305472449336,0.380530973451327,0
"Centroscyllium ornatum",0,0.370967741935484,-0.370967741935484,-0.491151552981679,0.370967741935484,0
"Dipturus oxyrinchus",0.167224080267559,0.536789297658863,-0.369565217391304,-1.79787125945637,0.369565217391304,0.31152647975078
"Dipturus lanceorostratus",0,0.365853658536585,-0.365853658536585,-0.417978327611541,0.365853658536585,0
"Rajella kukujevi",0,0.351528384279476,-0.351528384279476,-1.34530473906918,0.351528384279476,0
"Apristurus microps",0,0.351145038167939,-0.351145038167939,-0.654919017069224,0.351145038167939,0
"Scymnodon macracanthus",0,0.350553505535055,-0.350553505535055,-1.19325795276322,0.350553505535055,0
"Leucoraja circularis",0.316205533596838,0.663241106719368,-0.34703557312253,-1.44024964132738,0.34703557312253,0.476758045292014
"Himantura oxyrhyncha",0,0.333333333333333,-0.333333333333333,-0.1,0.333333333333333,0
"Rhynchobatus immaculatus",0,0.333333333333333,-0.333333333333333,-0.203100960115898,0.333333333333333,0
"Squalus raoulensis",0,0.333333333333333,-0.333333333333333,-0.142141062443803,0.333333333333333,0
"Narcine rierai",0,0.329268292682927,-0.329268292682927,-0.605115182061766,0.329268292682927,0
"Gollum attenuatus",0,0.325088339222615,-0.325088339222615,-1.01484555693208,0.325088339222615,0
"Aetobatus narinari",2.17634971044274,2.49168690453951,-0.31533719409677,-2.85568954779054,0.31533719409677,0.873444294496925
"Raja chinensis",0,0.313953488372093,-0.313953488372093,-0.785060115622305,0.313953488372093,0
"Scoliodon laticaudus",0.661084178052005,0.974438078448656,-0.313353900396651,-2.12740839628755,0.313353900396651,0.678426051560379
"Isogomphodon oxyrhynchus",1.53846153846154,1.84615384615385,-0.30769230769231,-0.333728931919307,0.30769230769231,0.833333333333332
"Bythaelurus tenuicephalus",0,0.307692307692308,-0.307692307692308,-0.203100960115899,0.307692307692308,0
"Carcharhinus melanopterus",3.52228948816731,3.8293891029169,-0.30709961474959,-1.25604464198172,0.30709961474959,0.919804541534923
"Squatina tergocellatoides",0,0.304347826086957,-0.304347826086957,-0.421364193604406,0.304347826086957,0
"Tetronarce nobiliana",0.438072481083234,0.729988052568698,-0.291915571485464,-1.96891563273556,0.291915571485464,0.600109110747409
"Okamejei cairae",2.32558139534884,2.61627906976744,-0.2906976744186,-0.19995960819912,0.2906976744186,0.888888888888891
"Brochiraja albilabiata",0,0.285714285714286,-0.285714285714286,-0.251379174478919,0.285714285714286,0
"Carcharhinus altimus",4.19132149901381,4.47337278106509,-0.28205128205128,-0.653952777289809,0.28205128205128,0.936948853615521
"Dasyatis geijskesi",1.63934426229508,1.91256830601093,-0.27322404371585,-0.292643363854891,0.27322404371585,0.857142857142856
"Bathyraja richardsoni",0.0673400673400673,0.336026936026936,-0.268686868686869,-1.97273315244806,0.268686868686869,0.200400801603206
"Glyphis gangeticus",0,0.242857142857143,-0.242857142857143,-0.976756547504924,0.242857142857143,0
"Squatina squatina",0.434074877916441,0.676614215952252,-0.242539338035811,-1.55610183279556,0.242539338035811,0.641539695268645
"Ginglymostoma cirratum",2.48847926267281,2.72857142857143,-0.24009216589862,-0.795116402287788,0.24009216589862,0.912008106738726
"Dipturus innominatus",0,0.239782016348774,-0.239782016348774,-1.23139315976826,0.239782016348774,0
"Aetomylaeus asperrimus",0,0.238095238095238,-0.238095238095238,-0.228265773075805,0.238095238095238,0
"Bathyraja pacifica",0,0.238095238095238,-0.238095238095238,-0.228265773075805,0.238095238095238,0
"Mustelus asterias",0.379746835443038,0.617088607594937,-0.237341772151899,-1.64776787097168,0.237341772151899,0.615384615384615
"Dasyatis pastinaca",0.566801619433198,0.801619433198381,-0.234817813765183,-1.35272618510479,0.234817813765183,0.707070707070706
"Heterodontus francisci",5.52486187845304,5.75138121546961,-0.22651933701657,-0.150147247522937,0.22651933701657,0.96061479346782
"Typhlonarke aysoni",0,0.224274406332454,-0.224274406332454,-1.10339900385225,0.224274406332454,0
"Mustelus lenticulatus",0,0.221153846153846,-0.221153846153846,-1.15,0.221153846153846,0
"Cephaloscyllium isabellum",0,0.218446601941748,-0.218446601941748,-1.0627495564423,0.218446601941748,0
"Brochiraja microspinifera",0,0.206349206349206,-0.206349206349206,-0.354545454545454,0.206349206349206,0
"Miroscyllium sheikoi",0,0.2,-0.2,-0.1,0.2,0
"Pliotrema warreni",0,0.197674418604651,-0.197674418604651,-0.450301104081868,0.197674418604651,0
"Gymnura natalensis",0,0.195652173913043,-0.195652173913043,-0.312909072914301,0.195652173913043,0
"Arhynchobatis asperrimus",0,0.194174757281553,-0.194174757281553,-0.469041575982342,0.194174757281553,0
"Okamejei heemstrai",0,0.191489361702128,-0.191489361702128,-0.312909072914303,0.191489361702128,0
"Rajella dissimilis",0.269541778975741,0.460916442048518,-0.191374663072777,-0.768097644962971,0.191374663072777,0.584795321637426
"Parmaturus macmillani",0,0.189873417721519,-0.189873417721519,-0.344673758792282,0.189873417721519,0
"Acroteriobatus ocellatus",0,0.185185185185185,-0.185185185185185,-0.33166247903554,0.185185185185185,0
"Scymnodalatias garricki",0,0.185185185185185,-0.185185185185185,-0.228265773075805,0.185185185185185,0
"Narcine brevilabiata",0.593471810089021,0.777448071216617,-0.183976261127596,-0.462952803739917,0.183976261127596,0.763358778625955
"Cetorhinus maximus",0.783638921508214,0.964596728249369,-0.180957806741155,-9.90839696556736,0.180957806741155,0.812400559278723
"Notoraja alisae",0,0.180487804878049,-0.180487804878049,-0.637869747260465,0.180487804878049,0
"Rhynchobatus laevis",0.265957446808511,0.441489361702128,-0.175531914893617,-0.546408935694616,0.175531914893617,0.602409638554217
"Apristurus aphyodes",0,0.175054704595186,-0.175054704595186,-0.938083151964687,0.175054704595186,0
"Cirrhoscyllium expolitum",0,0.175,-0.175,-0.272976425781162,0.175,0
"Dipturus johannisdavisi",0,0.175,-0.175,-0.272976425781162,0.175,0
"Squalus bassi",0,0.173228346456693,-0.173228346456693,-0.528422907556788,0.173228346456693,0
"Bathyraja hesperafricana",0.304878048780488,0.475609756097561,-0.170731707317073,-0.682555750793426,0.170731707317073,0.641025641025641
"Raja rhina",2.38095238095238,2.54464285714286,-0.16369047619048,-0.211615945550464,0.16369047619048,0.935672514619882
"Squatina californica",3.28947368421053,3.44736842105263,-0.1578947368421,-0.173360196624813,0.1578947368421,0.954198473282444
"Malacoraja kreffti",0,0.156976744186047,-0.156976744186047,-0.551716007117332,0.156976744186047,0
"Parmaturus melanobranchus",1.96078431372549,2.11764705882353,-0.15686274509804,-0.0741105370778272,0.15686274509804,0.925925925925926
"Rajella bathyphila",0,0.155863073561544,-0.155863073561544,-1.33591959060955,0.155863073561544,0
"Rajella leoparda",0.254452926208651,0.409669211195929,-0.155216284987278,-0.647776081092771,0.155216284987278,0.621118012422359
"Narcine timlei",0.737463126843658,0.889380530973451,-0.151917404129793,-0.463489992937726,0.151917404129793,0.829187396351576
"Raja texana",4.54545454545455,4.69318181818182,-0.14772727272727,-0.0892992595280145,0.14772727272727,0.968523002421308
"Raja inornata",4.66321243523316,4.80829015544041,-0.14507772020725,-0.102127445138543,0.14507772020725,0.969827586206897
"Atelomycterus marmoratus",0.877645844088797,1.02013422818792,-0.142488384099123,-0.755216611125093,0.142488384099123,0.860323886639676
"Hemiscyllium strahani",0,0.117647058823529,-0.117647058823529,-0.142141062443802,0.117647058823529,0
"Dipturus doutrei",0.25706940874036,0.372750642673522,-0.115681233933162,-0.532312775029271,0.115681233933162,0.689655172413793
"Lamna ditropis",1.07238605898123,1.18251728517003,-0.1101312261888,-1.62711650093894,0.1101312261888,0.906867132032692
"Urolophus deforgesi",0,0.107142857142857,-0.107142857142857,-0.174981589605966,0.107142857142857,0
"Neoraja caerulea",0,0.106481481481481,-0.106481481481481,-0.515468488422984,0.106481481481481,0
"Scyliorhinus meadi",0.75187969924812,0.857142857142857,-0.105263157894737,-0.131600967735927,0.105263157894737,0.87719298245614
"Leucoraja wallacei",0,0.102189781021898,-0.102189781021898,-0.401450857139047,0.102189781021898,0
"Raja undulata",0.1998001998002,0.2997002997003,-0.0999000999001,-0.721839754778682,0.0999000999001,0.666666666666667
"Urolophus papilio",0,0.0967741935483871,-0.0967741935483871,-0.174981589605966,0.0967741935483871,0
"Scyliorhinus cervigoni",0.51150895140665,0.60613810741688,-0.09462915601023,-0.362199745310312,0.09462915601023,0.843881856540085
"Brochiraja vittacauda",0,0.09375,-0.09375,-0.174981589605967,0.09375,0
"Somniosus microcephalus",1.43177290836653,1.52440239043825,-0.0926294820717199,-1.15686496924237,0.0926294820717199,0.939235543939885
"Rhizoprionodon oligolinx",1.98675496688742,2.07899716177862,-0.0922421948912,-0.344565037471444,0.0922421948912,0.955631399317407
"Odontaspis ferox",2.56478760352658,2.65642532727759,-0.0916377237510098,-0.428394841839927,0.0916377237510098,0.965503369204463
"Sinobatis brevicauda",0,0.0909090909090909,-0.0909090909090909,-0.1,0.0909090909090909,0
"Aetomylaeus nichofii",1.26192674669129,1.34779932286857,-0.0858725761772801,-0.657869626294371,0.0858725761772801,0.936286823475683
"Isurus oxyrinchus",1.21688878705719,1.30196917045353,-0.0850803833963398,-4.48933373800378,0.0850803833963398,0.934652536076025
"Galeus murinus",0.196270853778214,0.280667320902846,-0.084396467124632,-0.50951936606902,0.084396467124632,0.699300699300699
"Galeus polli",0.403225806451613,0.485887096774194,-0.082661290322581,-0.407557852989349,0.082661290322581,0.829875518672199
"Malacoraja spinacidermis",0.0755857898715042,0.152683295540438,-0.0770975056689338,-0.710632830240462,0.0770975056689338,0.495049504950497
"Etmopterus princeps",0.20703933747412,0.283643892339545,-0.076604554865425,-0.691909648362928,0.076604554865425,0.729927007299269
"Etmopterus bigelowi",3.69364475828354,3.76643128734383,-0.07278652906029,-0.182037222122929,0.07278652906029,0.980674935102395
"Scymnodon ringens",0.492610837438424,0.564039408866995,-0.071428571428571,-0.202724665724947,0.071428571428571,0.873362445414848
"Rajella bigelowi",0.176678445229682,0.243816254416961,-0.067137809187279,-0.66261154083977,0.067137809187279,0.724637681159421
"Dasyatis navarrae",0,0.0656934306569343,-0.0656934306569343,-0.312909072914302,0.0656934306569343,0
"Cirrhigaleus asper",2.88461538461538,2.94711538461538,-0.0625,-0.0700655902494443,0.0625,0.978792822185971
"Mustelus mustelus",0.226757369614512,0.282312925170068,-0.055555555555556,-0.496332283162562,0.055555555555556,0.803212851405621
"Alopias vulpinus",1.10619699255945,1.16029970341849,-0.0541027108590402,-3.93918104346712,0.0541027108590402,0.9533717791191
"Raja brachyura",0.387596899224806,0.439922480620155,-0.052325581395349,-0.286037155417894,0.052325581395349,0.881057268722467
"Lamiopsis temminckii",0.925925925925926,0.963734567901235,-0.037808641975309,-0.200211948606124,0.037808641975309,0.960768614891913
"Mustelus palumbes",0,0.037037037037037,-0.037037037037037,-0.228265773075805,0.037037037037037,0
"Squatina aculeata",0.147492625368732,0.184365781710914,-0.036873156342182,-0.309127555484528,0.036873156342182,0.800000000000004
"Apristurus investigatoris",0,0.0344827586206897,-0.0344827586206897,-0.1,0.0344827586206897,0
"Urolophus neocaledoniensis",0,0.0263157894736842,-0.0263157894736842,-0.1,0.0263157894736842,0
"Squalus margaretsmithae",0,0.023121387283237,-0.023121387283237,-0.203100960115899,0.023121387283237,0
"Glaucostegus granulatus",0.255754475703325,0.278772378516624,-0.023017902813299,-0.0932648936309339,0.023017902813299,0.917431192660551
"Apristurus laurussonii",0.622222222222222,0.641777777777778,-0.019555555555556,-0.0865835690977209,0.019555555555556,0.969529085872575
"Rajella ravidula",0,0.0155038759689922,-0.0155038759689922,-0.142141062443803,0.0155038759689922,0
"Bythaelurus hispidus",0,0.0128205128205128,-0.0128205128205128,-0.1,0.0128205128205128,0
"Mobula mobular",1.15441764773117,1.15790376042976,-0.00348611269858989,-0.170975438273225,0.00348611269858989,0.996989289768524
